NU_ANO_AVALIACAO;CO_UF;SG_UF;CO_BLOCO;NU_POSICAO;CO_ITEM;TP_SERIE;TP_DISCIPLINA;NU_DESCRITOR_HABILIDADE;DS_GABARITO;TP_RESPOSTA_ITEM;TP_MODELO_TRI;NU_PARAM_A;NU_PARAM_B;NU_PARAM_C;NU_PARAM_B1;NU_PARAM_B2;NU_PARAM_B3;NU_PARAM_B4;IN_ITEM_COMUM
2025;11;RO;11;9;42;2;1;D10;;1;3;0.048990000000000;;;734.104340000000000;772.012950000000000;;;0
2025;11;RO;5;2;128;2;1;D08;B;3;2;0.019370000000000;817.093410000000000;0.311200000000000;;;;;0
2025;11;RO;11;7;40;2;1;D10;;1;3;0.034500000000000;;;787.053150000000000;839.910100000000000;863.170870000000000;;0
2025;11;RO;1;3;121;2;1;D03;A;3;2;0.036280000000000;640.966160000000000;0.201360000000000;;;;;0
2025;11;RO;1;8;117442;2;1;D03;B;3;2;0.040230000000000;679.382170000000000;0.325150000000000;;;;;1
2025;11;RO;6;2;99;2;1;D07;B;3;2;0.038970000000000;744.528060000000000;0.270400000000000;;;;;0
2025;11;RO;9;4;109;2;1;D06;A;3;2;0.035670000000000;741.875190000000000;0.194810000000000;;;;;0
2025;11;RO;11;6;39;2;1;D10;;1;3;0.059590000000000;;;736.873360000000000;804.258610000000000;;;0
2025;11;RO;13;1;35;2;1;D09;;2;3;0.033420000000000;;;662.578950000000000;670.324980000000000;681.321010000000000;715.555810000000000;0
2025;11;RO;10;4;108;2;1;D06;B;3;2;0.047570000000000;744.005330000000000;0.270480000000000;;;;;0
2025;11;RO;13;7;40;2;1;D10;;1;3;0.034500000000000;;;787.053150000000000;839.910100000000000;863.170870000000000;;0
2025;11;RO;8;3;105;2;1;D06;B;3;2;0.048100000000000;742.440520000000000;0.216850000000000;;;;;0
2025;11;RO;2;8;117434;2;1;D03;B;3;2;0.055460000000000;708.748630000000000;0.378710000000000;;;;;1
2025;11;RO;3;5;117496;2;1;D01;C;3;2;0.033710000000000;651.362080000000000;0.086780000000000;;;;;1
2025;11;RO;12;8;41;2;1;D10;;1;3;0.084530000000000;;;744.698680000000000;769.191570000000000;792.884990000000000;;0
2025;11;RO;3;4;117404;2;1;D02;A;3;2;0.050980000000000;664.132130000000000;0.316640000000000;;;;;1
2025;11;RO;4;4;124;2;1;D04;A;3;2;0.036300000000000;798.357110000000000;0.220380000000000;;;;;0
2025;11;RO;12;3;36;2;1;D10;;1;3;0.082600000000000;;;737.823360000000000;776.780290000000000;;;0
2025;11;RO;12;6;39;2;1;D10;;1;3;0.059590000000000;;;736.873360000000000;804.258610000000000;;;0
2025;11;RO;9;2;114;2;1;D04;B;3;2;0.018310000000000;706.685410000000000;0.171730000000000;;;;;0
2025;11;RO;7;2;111;2;1;D08;B;3;2;0.022600000000000;778.606450000000000;0.263470000000000;;;;;0
2025;11;RO;13;4;37;2;1;D10;;1;3;0.085700000000000;;;733.364140000000000;767.051220000000000;800.069580000000000;;0
2025;11;RO;12;2;46;2;1;D09;;2;3;0.043030000000000;;;677.567870000000000;689.725270000000000;707.147850000000000;748.452490000000000;0
2025;11;RO;7;3;113;2;1;D04;B;3;2;0.048940000000000;775.179660000000000;0.243500000000000;;;;;0
2025;11;RO;2;2;117411;2;1;D01;B;3;2;0.025230000000000;623.313180000000000;0.106540000000000;;;;;1
2025;11;RO;2;7;117353;2;1;D01;C;3;2;0.030820000000000;698.415500000000000;0.162560000000000;;;;;1
2025;11;RO;9;3;107;2;1;D07;D;3;2;0.045320000000000;768.101090000000000;0.187530000000000;;;;;0
2025;11;RO;1;7;117472;2;1;D02;D;3;2;0.046610000000000;654.806690000000000;0.076510000000000;;;;;1
2025;11;RO;2;3;117537;2;1;D03;C;3;2;0.071710000000000;698.435290000000000;0.264330000000000;;;;;1
2025;11;RO;10;2;101;2;1;D07;A;3;2;0.042520000000000;828.305930000000000;0.259680000000000;;;;;0
2025;11;RO;3;6;117512;2;1;D06;D;3;2;0.020010000000000;814.223440000000000;0.111010000000000;;;;;1
2025;11;RO;12;7;40;2;1;D10;;1;3;0.034500000000000;;;787.053150000000000;839.910100000000000;863.170870000000000;;0
2025;11;RO;9;1;102;2;1;D05;A;3;2;0.031200000000000;776.170170000000000;0.195350000000000;;;;;0
2025;11;RO;6;1;120;2;1;D08;A;3;2;0.016850000000000;775.345130000000000;0.176820000000000;;;;;0
2025;11;RO;2;5;117350;2;1;D02;A;3;2;0.035970000000000;631.354300000000000;0.106530000000000;;;;;1
2025;11;RO;13;2;45;2;1;D09;;2;3;0.040680000000000;;;681.153990000000000;690.906640000000000;705.127230000000000;749.251480000000000;0
2025;11;RO;4;3;96;2;1;D06;D;3;2;0.051620000000000;765.623660000000000;0.187140000000000;;;;;0
2025;11;RO;13;6;39;2;1;D10;;1;3;0.059590000000000;;;736.873360000000000;804.258610000000000;;;0
2025;11;RO;1;6;123;2;1;D01;B;3;2;0.013500000000000;842.949950000000000;0.217330000000000;;;;;0
2025;11;RO;10;1;110;2;1;D08;B;3;2;0.036200000000000;729.253300000000000;0.209380000000000;;;;;0
2025;11;RO;12;1;44;2;1;D09;;2;3;0.032720000000000;;;661.252940000000000;669.847170000000000;680.504960000000000;729.877590000000000;0
2025;11;RO;4;2;97;2;1;D05;A;3;2;0.020940000000000;774.086870000000000;0.181340000000000;;;;;0
2025;11;RO;11;1;43;2;1;D09;;2;3;0.030640000000000;;;656.731700000000000;661.384550000000000;668.228090000000000;696.880150000000000;0
2025;11;RO;11;8;41;2;1;D10;;1;3;0.084530000000000;;;744.698680000000000;769.191570000000000;792.884990000000000;;0
2025;11;RO;13;9;42;2;1;D10;;1;3;0.048990000000000;;;734.104340000000000;772.012950000000000;;;0
2025;11;RO;12;5;38;2;1;D10;;1;3;0.045380000000000;;;710.033510000000000;756.552970000000000;;;0
2025;11;RO;13;5;38;2;1;D10;;1;3;0.045380000000000;;;710.033510000000000;756.552970000000000;;;0
2025;11;RO;5;3;119;2;1;D05;D;3;2;0.017840000000000;787.609520000000000;0.137020000000000;;;;;0
2025;11;RO;8;4;112;2;1;D08;A;3;2;0.040800000000000;791.983110000000000;0.204910000000000;;;;;0
2025;11;RO;6;3;98;2;1;D04;C;3;2;0.044100000000000;758.345550000000000;0.173590000000000;;;;;0
2025;11;RO;12;9;42;2;1;D10;;1;3;0.048990000000000;;;734.104340000000000;772.012950000000000;;;0
2025;11;RO;12;4;37;2;1;D10;;1;3;0.085700000000000;;;733.364140000000000;767.051220000000000;800.069580000000000;;0
2025;11;RO;3;7;122;2;1;D03;B;3;2;0.034300000000000;653.282620000000000;0.199880000000000;;;;;0
2025;11;RO;5;1;125;2;1;D07;A;3;2;0.034190000000000;738.270520000000000;0.238450000000000;;;;;0
2025;11;RO;5;4;126;2;1;D06;A;3;2;0.039400000000000;723.232790000000000;0.226690000000000;;;;;0
2025;11;RO;13;8;41;2;1;D10;;1;3;0.084530000000000;;;744.698680000000000;769.191570000000000;792.884990000000000;;0
2025;11;RO;2;1;117351;2;1;D02;A;3;2;0.034980000000000;632.421980000000000;0.107470000000000;;;;;1
2025;11;RO;7;4;103;2;1;D07;D;3;2;0.031290000000000;840.927820000000000;0.177890000000000;;;;;0
2025;11;RO;8;1;106;2;1;D05;C;3;2;0.053370000000000;742.029820000000000;0.187310000000000;;;;;0
2025;11;RO;4;1;127;2;1;D08;B;3;2;0.030120000000000;734.724430000000000;0.193440000000000;;;;;0
2025;11;RO;13;3;36;2;1;D10;;1;3;0.082600000000000;;;737.823360000000000;776.780290000000000;;;0
2025;11;RO;2;4;117492;2;1;D05;C;3;2;0.026450000000000;745.839840000000000;0.229700000000000;;;;;1
2025;11;RO;1;1;117484;2;1;D02;B;3;2;0.029850000000000;618.713900000000000;0.106600000000000;;;;;1
2025;11;RO;11;5;38;2;1;D10;;1;3;0.045380000000000;;;710.033510000000000;756.552970000000000;;;0
2025;11;RO;1;4;117478;2;1;D02;C;3;2;0.043120000000000;657.772590000000000;0.112290000000000;;;;;1
2025;11;RO;1;5;117443;2;1;D08;D;3;2;0.031330000000000;717.888460000000000;0.149420000000000;;;;;1
2025;11;RO;3;8;117416;2;1;D01;A;3;2;0.023300000000000;649.756400000000000;0.115840000000000;;;;;1
2025;11;RO;7;1;100;2;1;D05;A;3;2;0.050920000000000;734.971170000000000;0.214370000000000;;;;;0
2025;11;RO;11;3;36;2;1;D10;;1;3;0.082600000000000;;;737.823360000000000;776.780290000000000;;;0
2025;11;RO;3;1;117535;2;1;D02;D;3;2;0.039590000000000;659.808770000000000;0.064480000000000;;;;;1
2025;11;RO;2;6;117413;2;1;D07;D;3;2;0.016740000000000;746.992010000000000;0.162750000000000;;;;;1
2025;11;RO;1;2;117474;2;1;D01;C;3;2;0.027600000000000;676.112640000000000;0.083530000000000;;;;;1
2025;11;RO;10;3;115;2;1;D04;C;3;2;0.041800000000000;797.946170000000000;0.209090000000000;;;;;0
2025;11;RO;6;4;116;2;1;D06;B;3;2;0.038400000000000;777.116860000000000;0.229790000000000;;;;;0
2025;11;RO;8;2;104;2;1;D04;A;3;2;0.050760000000000;769.001490000000000;0.336660000000000;;;;;0
2025;11;RO;11;4;37;2;1;D10;;1;3;0.085700000000000;;;733.364140000000000;767.051220000000000;800.069580000000000;;0
2025;11;RO;3;2;117534;2;1;D01;B;3;2;0.019800000000000;613.221470000000000;0.187240000000000;;;;;1
2025;11;RO;11;2;34;2;1;D09;;2;3;0.035990000000000;;;674.317040000000000;686.198750000000000;703.230790000000000;768.134790000000000;0
2025;11;RO;3;3;117482;2;1;D05;D;3;2;0.034380000000000;751.669690000000000;0.175800000000000;;;;;1
2025;12;AC;9;3;109;2;1;D07;D;3;2;0.048040000000000;769.687340000000000;0.220250000000000;;;;;0
2025;12;AC;7;2;113;2;1;D08;B;3;2;0.016860000000000;768.357520000000000;0.223160000000000;;;;;0
2025;12;AC;11;9;42;2;1;D10;;1;3;0.050660000000000;;;724.127680000000000;793.564880000000000;;;0
2025;12;AC;10;4;110;2;1;D06;B;3;2;0.047770000000000;753.795670000000000;0.293650000000000;;;;;0
2025;12;AC;6;2;96;2;1;D06;D;3;2;0.056880000000000;768.372180000000000;0.174600000000000;;;;;0
2025;12;AC;8;4;114;2;1;D08;A;3;2;0.042810000000000;798.144360000000000;0.217010000000000;;;;;0
2025;12;AC;8;2;106;2;1;D04;A;3;2;0.061930000000000;772.126600000000000;0.314760000000000;;;;;0
2025;12;AC;6;3;98;2;1;D08;B;3;2;0.024900000000000;744.369430000000000;0.197070000000000;;;;;0
2025;12;AC;5;2;100;2;1;D07;D;3;2;0.018960000000000;800.900680000000000;0.170700000000000;;;;;0
2025;12;AC;10;3;117;2;1;D04;C;3;2;0.042770000000000;801.255640000000000;0.212070000000000;;;;;0
2025;12;AC;6;1;97;2;1;D05;A;3;2;0.027070000000000;785.914600000000000;0.225850000000000;;;;;0
2025;12;AC;11;8;41;2;1;D10;;1;3;0.080370000000000;;;718.747870000000000;720.018830000000000;732.406930000000000;;0
2025;12;AC;11;3;36;2;1;D10;;1;3;0.111100000000000;;;717.478640000000000;725.048530000000000;;;0
2025;12;AC;11;1;43;2;1;D09;;2;3;0.034360000000000;;;660.315110000000000;661.731300000000000;665.566890000000000;703.981840000000000;0
2025;12;AC;13;2;45;2;1;D09;;2;3;0.041940000000000;;;671.578800000000000;673.593370000000000;683.117590000000000;754.350350000000000;0
2025;12;AC;13;4;37;2;1;D10;;1;3;0.049260000000000;;;713.438810000000000;722.875050000000000;802.203190000000000;;0
2025;12;AC;10;2;103;2;1;D07;A;3;2;0.035430000000000;834.704240000000000;0.237650000000000;;;;;0
2025;12;AC;5;1;101;2;1;D05;C;3;2;0.019510000000000;821.776530000000000;0.192250000000000;;;;;0
2025;12;AC;7;1;102;2;1;D05;A;3;2;0.055130000000000;749.749180000000000;0.245190000000000;;;;;0
2025;12;AC;5;4;122;2;1;D06;A;3;2;0.045800000000000;742.126290000000000;0.190750000000000;;;;;0
2025;12;AC;12;7;40;2;1;D10;;1;3;0.031610000000000;;;812.193590000000000;863.386320000000000;867.973750000000000;;0
2025;12;AC;12;2;46;2;1;D09;;2;3;0.045100000000000;;;672.695800000000000;675.248000000000000;685.075100000000000;748.200430000000000;0
2025;12;AC;12;8;41;2;1;D10;;1;3;0.080370000000000;;;718.747870000000000;720.018830000000000;732.406930000000000;;0
2025;12;AC;13;6;39;2;1;D10;;1;3;0.050590000000000;;;702.594290000000000;787.456200000000000;;;0
2025;12;AC;11;7;40;2;1;D10;;1;3;0.031610000000000;;;812.193590000000000;863.386320000000000;867.973750000000000;;0
2025;12;AC;13;1;35;2;1;D09;;2;3;0.035780000000000;;;659.160110000000000;661.800580000000000;672.490340000000000;703.436850000000000;0
2025;12;AC;12;4;37;2;1;D10;;1;3;0.049260000000000;;;713.438810000000000;722.875050000000000;802.203190000000000;;0
2025;12;AC;12;9;42;2;1;D10;;1;3;0.050660000000000;;;724.127680000000000;793.564880000000000;;;0
2025;12;AC;7;4;105;2;1;D07;D;3;2;0.030520000000000;840.879720000000000;0.180120000000000;;;;;0
2025;12;AC;9;1;104;2;1;D05;A;3;2;0.032060000000000;778.410780000000000;0.221470000000000;;;;;0
2025;12;AC;12;6;39;2;1;D10;;1;3;0.050590000000000;;;702.594290000000000;787.456200000000000;;;0
2025;12;AC;12;1;44;2;1;D09;;2;3;0.035120000000000;;;658.934260000000000;663.058210000000000;674.425280000000000;732.733000000000000;0
2025;12;AC;9;2;116;2;1;D04;B;3;2;0.027310000000000;733.537860000000000;0.261060000000000;;;;;0
2025;12;AC;9;4;111;2;1;D06;A;3;2;0.032050000000000;751.699040000000000;0.200400000000000;;;;;0
2025;12;AC;13;3;36;2;1;D10;;1;3;0.111100000000000;;;717.478640000000000;725.048530000000000;;;0
2025;12;AC;11;2;34;2;1;D09;;2;3;0.039440000000000;;;676.130150000000000;678.355740000000000;691.562280000000000;767.121370000000000;0
2025;12;AC;8;1;108;2;1;D05;C;3;2;0.064400000000000;747.167960000000000;0.173770000000000;;;;;0
2025;12;AC;10;1;112;2;1;D08;B;3;2;0.036790000000000;744.775920000000000;0.219740000000000;;;;;0
2025;12;AC;11;6;39;2;1;D10;;1;3;0.050590000000000;;;702.594290000000000;787.456200000000000;;;0
2025;12;AC;12;5;38;2;1;D10;;1;3;0.090810000000000;;;706.680710000000000;714.800390000000000;;;0
2025;12;AC;11;5;38;2;1;D10;;1;3;0.090810000000000;;;706.680710000000000;714.800390000000000;;;0
2025;12;AC;13;9;42;2;1;D10;;1;3;0.050660000000000;;;724.127680000000000;793.564880000000000;;;0
2025;12;AC;5;3;99;2;1;D04;B;3;2;0.047210000000000;775.049100000000000;0.218580000000000;;;;;0
2025;12;AC;13;8;41;2;1;D10;;1;3;0.080370000000000;;;718.747870000000000;720.018830000000000;732.406930000000000;;0
2025;12;AC;8;3;107;2;1;D06;B;3;2;0.058600000000000;755.957980000000000;0.237840000000000;;;;;0
2025;12;AC;11;4;37;2;1;D10;;1;3;0.049260000000000;;;713.438810000000000;722.875050000000000;802.203190000000000;;0
2025;12;AC;1;2;117474;2;1;D01;C;3;2;0.027600000000000;676.112640000000000;0.083530000000000;;;;;1
2025;12;AC;7;3;115;2;1;D04;B;3;2;0.061120000000000;780.845030000000000;0.263230000000000;;;;;0
2025;12;AC;1;4;117478;2;1;D02;C;3;2;0.043120000000000;657.772590000000000;0.112290000000000;;;;;1
2025;12;AC;3;6;117512;2;1;D06;D;3;2;0.020010000000000;814.223440000000000;0.111010000000000;;;;;1
2025;12;AC;2;4;117492;2;1;D05;C;3;2;0.026450000000000;745.839840000000000;0.229700000000000;;;;;1
2025;12;AC;3;4;117404;2;1;D02;A;3;2;0.050980000000000;664.132130000000000;0.316640000000000;;;;;1
2025;12;AC;2;6;117413;2;1;D07;D;3;2;0.019430000000000;730.709790000000000;0.175090000000000;;;;;1
2025;12;AC;1;8;117442;2;1;D03;B;3;2;0.040230000000000;679.382170000000000;0.325150000000000;;;;;1
2025;12;AC;4;3;127;2;1;D07;A;3;2;0.042060000000000;750.452220000000000;0.291450000000000;;;;;0
2025;12;AC;3;8;117416;2;1;D01;A;3;2;0.023300000000000;649.756400000000000;0.115840000000000;;;;;1
2025;12;AC;1;7;117472;2;1;D02;D;3;2;0.046610000000000;654.806690000000000;0.076510000000000;;;;;1
2025;12;AC;2;2;117411;2;1;D01;B;3;2;0.025230000000000;623.313180000000000;0.106540000000000;;;;;1
2025;12;AC;2;3;117537;2;1;D03;C;3;2;0.071710000000000;698.435290000000000;0.264330000000000;;;;;1
2025;12;AC;4;1;119;2;1;D06;A;3;2;0.028000000000000;787.919960000000000;0.249240000000000;;;;;0
2025;12;AC;2;5;117350;2;1;D02;A;3;2;0.035970000000000;631.354300000000000;0.106530000000000;;;;;1
2025;12;AC;2;7;117353;2;1;D01;C;3;2;0.029650000000000;697.083830000000000;0.169400000000000;;;;;1
2025;12;AC;2;8;117434;2;1;D03;B;3;2;0.055460000000000;708.748630000000000;0.378710000000000;;;;;1
2025;12;AC;2;1;117351;2;1;D02;A;3;2;0.034980000000000;632.421980000000000;0.107470000000000;;;;;1
2025;12;AC;3;5;117496;2;1;D01;C;3;2;0.033710000000000;651.362080000000000;0.086780000000000;;;;;1
2025;12;AC;13;7;40;2;1;D10;;1;3;0.031610000000000;;;812.193590000000000;863.386320000000000;867.973750000000000;;0
2025;12;AC;1;5;117443;2;1;D08;D;3;2;0.031330000000000;717.888460000000000;0.149420000000000;;;;;1
2025;12;AC;3;7;125;2;1;D03;B;3;2;0.029950000000000;640.916820000000000;0.198260000000000;;;;;0
2025;12;AC;3;2;117534;2;1;D01;B;3;2;0.019800000000000;613.221470000000000;0.187240000000000;;;;;1
2025;12;AC;3;3;117482;2;1;D05;D;3;2;0.034380000000000;751.669690000000000;0.175800000000000;;;;;1
2025;12;AC;1;3;124;2;1;D03;A;3;2;0.032250000000000;635.913170000000000;0.206800000000000;;;;;0
2025;12;AC;1;1;117484;2;1;D02;B;3;2;0.029850000000000;618.713900000000000;0.106600000000000;;;;;1
2025;12;AC;4;2;118;2;1;D04;D;3;2;0.029530000000000;899.492190000000000;0.195630000000000;;;;;0
2025;12;AC;4;4;123;2;1;D08;A;3;2;0.022850000000000;783.844970000000000;0.201330000000000;;;;;0
2025;12;AC;3;1;117535;2;1;D02;D;3;2;0.039590000000000;659.808770000000000;0.064480000000000;;;;;1
2025;12;AC;1;6;126;2;1;D01;B;3;2;0.013510000000000;860.267240000000000;0.212460000000000;;;;;0
2025;12;AC;12;3;36;2;1;D10;;1;3;0.111100000000000;;;717.478640000000000;725.048530000000000;;;0
2025;12;AC;13;5;38;2;1;D10;;1;3;0.090810000000000;;;706.680710000000000;714.800390000000000;;;0
2025;12;AC;6;4;128;2;1;D04;C;3;2;0.053170000000000;780.000270000000000;0.202950000000000;;;;;0
2025;13;AM;2;3;117537;2;1;D03;C;3;2;0.071710000000000;698.435290000000000;0.264330000000000;;;;;1
2025;13;AM;3;1;117535;2;1;D02;D;3;2;0.039590000000000;659.808770000000000;0.064480000000000;;;;;1
2025;13;AM;1;7;117472;2;1;D02;D;3;2;0.046610000000000;654.806690000000000;0.076510000000000;;;;;1
2025;13;AM;3;8;117416;2;1;D01;A;3;2;0.023300000000000;649.756400000000000;0.115840000000000;;;;;1
2025;13;AM;2;5;117350;2;1;D02;A;3;2;0.035970000000000;631.354300000000000;0.106530000000000;;;;;1
2025;13;AM;2;4;117492;2;1;D05;C;3;2;0.026450000000000;745.839840000000000;0.229700000000000;;;;;1
2025;13;AM;2;6;117413;2;1;D07;D;3;2;0.018650000000000;714.493400000000000;0.142900000000000;;;;;1
2025;13;AM;5;4;128;2;1;D08;C;3;2;0.037890000000000;760.666730000000000;0.157110000000000;;;;;0
2025;13;AM;1;8;117442;2;1;D03;B;3;2;0.040230000000000;679.382170000000000;0.325150000000000;;;;;1
2025;13;AM;3;6;117512;2;1;D06;D;3;2;0.020010000000000;814.223440000000000;0.111010000000000;;;;;1
2025;13;AM;7;2;112;2;1;D08;B;3;2;0.022670000000000;786.933950000000000;0.341930000000000;;;;;0
2025;13;AM;1;1;117484;2;1;D02;B;3;2;0.029850000000000;618.713900000000000;0.106600000000000;;;;;1
2025;13;AM;1;2;117474;2;1;D01;C;3;2;0.027600000000000;676.112640000000000;0.083530000000000;;;;;1
2025;13;AM;1;6;124;2;1;D01;B;3;2;0.029030000000000;829.112200000000000;0.286870000000000;;;;;0
2025;13;AM;4;1;121;2;1;D07;D;3;2;0.020770000000000;802.577770000000000;0.100120000000000;;;;;0
2025;13;AM;10;1;111;2;1;D08;B;3;2;0.031820000000000;747.125190000000000;0.305550000000000;;;;;0
2025;13;AM;9;4;110;2;1;D06;A;3;2;0.046520000000000;755.561240000000000;0.284430000000000;;;;;0
2025;13;AM;2;7;117353;2;1;D01;C;3;2;0.026510000000000;692.321530000000000;0.156190000000000;;;;;1
2025;13;AM;8;4;113;2;1;D08;A;3;2;0.036240000000000;800.804580000000000;0.234180000000000;;;;;0
2025;13;AM;10;3;116;2;1;D04;C;3;2;0.035500000000000;799.299360000000000;0.231890000000000;;;;;0
2025;13;AM;4;4;118;2;1;D04;A;3;2;0.044930000000000;733.474480000000000;0.240040000000000;;;;;0
2025;13;AM;1;3;122;2;1;D03;A;3;2;0.024430000000000;628.453120000000000;0.196580000000000;;;;;0
2025;13;AM;10;4;109;2;1;D06;B;3;2;0.052180000000000;754.797270000000000;0.339500000000000;;;;;0
2025;13;AM;3;5;117496;2;1;D01;C;3;2;0.026500000000000;655.764590000000000;0.129820000000000;;;;;1
2025;13;AM;1;4;117478;2;1;D02;C;3;2;0.043120000000000;657.772590000000000;0.112290000000000;;;;;1
2025;13;AM;6;1;117;2;1;D06;B;3;2;0.048900000000000;780.236700000000000;0.305800000000000;;;;;0
2025;13;AM;7;3;114;2;1;D04;B;3;2;0.053300000000000;780.622750000000000;0.309330000000000;;;;;0
2025;13;AM;2;8;117434;2;1;D03;B;3;2;0.055460000000000;708.748630000000000;0.378710000000000;;;;;1
2025;13;AM;8;2;105;2;1;D04;A;3;2;0.055330000000000;769.348540000000000;0.331760000000000;;;;;0
2025;13;AM;5;3;125;2;1;D07;D;3;2;0.026150000000000;839.163250000000000;0.165780000000000;;;;;0
2025;13;AM;7;4;104;2;1;D07;D;3;2;0.026610000000000;833.263610000000000;0.188560000000000;;;;;0
2025;13;AM;6;2;100;2;1;D05;C;3;2;0.064300000000000;755.726730000000000;0.188090000000000;;;;;0
2025;13;AM;9;2;115;2;1;D04;B;3;2;0.024150000000000;722.990090000000000;0.265010000000000;;;;;0
2025;13;AM;11;9;42;2;1;D10;;1;3;0.065490000000000;;;737.437380000000000;763.428310000000000;;;0
2025;13;AM;13;9;42;2;1;D10;;1;3;0.065490000000000;;;737.437380000000000;763.428310000000000;;;0
2025;13;AM;11;3;36;2;1;D10;;1;3;0.109370000000000;;;742.681900000000000;771.840030000000000;;;0
2025;13;AM;4;2;97;2;1;D05;A;3;2;0.026130000000000;786.374180000000000;0.197740000000000;;;;;0
2025;13;AM;3;4;117404;2;1;D02;A;3;2;0.050980000000000;664.132130000000000;0.316640000000000;;;;;1
2025;13;AM;2;1;117351;2;1;D02;A;3;2;0.034980000000000;632.421980000000000;0.107470000000000;;;;;1
2025;13;AM;1;5;117443;2;1;D08;D;3;2;0.031330000000000;717.888460000000000;0.149420000000000;;;;;1
2025;13;AM;3;2;117534;2;1;D01;B;3;2;0.019800000000000;613.221470000000000;0.187240000000000;;;;;1
2025;13;AM;2;2;117411;2;1;D01;B;3;2;0.025230000000000;623.313180000000000;0.106540000000000;;;;;1
2025;13;AM;3;7;123;2;1;D03;B;3;2;0.024350000000000;607.403240000000000;0.193010000000000;;;;;0
2025;13;AM;12;1;44;2;1;D09;;2;3;0.035030000000000;;;665.776000000000000;676.954080000000000;691.062230000000000;728.718660000000000;0
2025;13;AM;12;7;40;2;1;D10;;1;3;0.046230000000000;;;793.542830000000000;833.900740000000000;855.886590000000000;;0
2025;13;AM;5;1;98;2;1;D06;B;3;2;0.034630000000000;727.887570000000000;0.331490000000000;;;;;0
2025;13;AM;7;1;101;2;1;D05;A;3;2;0.048990000000000;750.537430000000000;0.267730000000000;;;;;0
2025;13;AM;12;8;41;2;1;D10;;1;3;0.090390000000000;;;748.624510000000000;768.661540000000000;791.267380000000000;;0
2025;13;AM;8;1;107;2;1;D05;C;3;2;0.054450000000000;751.023200000000000;0.206470000000000;;;;;0
2025;13;AM;3;3;117482;2;1;D05;D;3;2;0.021380000000000;720.015020000000000;0.177820000000000;;;;;1
2025;13;AM;6;4;126;2;1;D08;D;3;2;0.044920000000000;757.176560000000000;0.122430000000000;;;;;0
2025;13;AM;12;6;39;2;1;D10;;1;3;0.055820000000000;;;740.157380000000000;790.662740000000000;;;0
2025;13;AM;12;9;42;2;1;D10;;1;3;0.065490000000000;;;737.437380000000000;763.428310000000000;;;0
2025;13;AM;13;7;40;2;1;D10;;1;3;0.046230000000000;;;793.542830000000000;833.900740000000000;855.886590000000000;;0
2025;13;AM;13;8;41;2;1;D10;;1;3;0.090390000000000;;;748.624510000000000;768.661540000000000;791.267380000000000;;0
2025;13;AM;5;2;127;2;1;D05;C;3;2;0.064900000000000;735.633460000000000;0.214100000000000;;;;;0
2025;13;AM;4;3;96;2;1;D06;D;3;2;0.050490000000000;763.108970000000000;0.144200000000000;;;;;0
2025;13;AM;11;7;40;2;1;D10;;1;3;0.046230000000000;;;793.542830000000000;833.900740000000000;855.886590000000000;;0
2025;13;AM;11;2;34;2;1;D09;;2;3;0.033240000000000;;;673.168610000000000;686.713310000000000;709.537290000000000;761.682510000000000;0
2025;13;AM;12;4;37;2;1;D10;;1;3;0.110010000000000;;;741.297060000000000;768.349700000000000;799.420520000000000;;0
2025;13;AM;8;3;106;2;1;D06;B;3;2;0.056660000000000;754.671620000000000;0.298600000000000;;;;;0
2025;13;AM;12;2;46;2;1;D09;;2;3;0.040320000000000;;;680.423830000000000;691.226140000000000;709.328560000000000;752.637150000000000;0
2025;13;AM;12;3;36;2;1;D10;;1;3;0.109370000000000;;;742.681900000000000;771.840030000000000;;;0
2025;13;AM;11;6;39;2;1;D10;;1;3;0.055820000000000;;;740.157380000000000;790.662740000000000;;;0
2025;13;AM;12;5;38;2;1;D10;;1;3;0.057940000000000;;;726.973780000000000;757.394250000000000;;;0
2025;13;AM;13;5;38;2;1;D10;;1;3;0.057940000000000;;;726.973780000000000;757.394250000000000;;;0
2025;13;AM;11;1;43;2;1;D09;;2;3;0.032090000000000;;;651.615010000000000;660.525370000000000;670.149000000000000;699.066210000000000;0
2025;13;AM;13;6;39;2;1;D10;;1;3;0.055820000000000;;;740.157380000000000;790.662740000000000;;;0
2025;13;AM;10;2;102;2;1;D07;A;3;2;0.036570000000000;834.374320000000000;0.265360000000000;;;;;0
2025;13;AM;13;4;37;2;1;D10;;1;3;0.110010000000000;;;741.297060000000000;768.349700000000000;799.420520000000000;;0
2025;13;AM;13;2;45;2;1;D09;;2;3;0.034280000000000;;;677.772420000000000;688.260690000000000;706.357640000000000;749.407610000000000;0
2025;13;AM;9;3;108;2;1;D07;D;3;2;0.046150000000000;764.769210000000000;0.197910000000000;;;;;0
2025;13;AM;13;3;36;2;1;D10;;1;3;0.109370000000000;;;742.681900000000000;771.840030000000000;;;0
2025;13;AM;13;1;35;2;1;D09;;2;3;0.034410000000000;;;658.068340000000000;669.123130000000000;682.204540000000000;708.718790000000000;0
2025;13;AM;11;5;38;2;1;D10;;1;3;0.057940000000000;;;726.973780000000000;757.394250000000000;;;0
2025;13;AM;11;8;41;2;1;D10;;1;3;0.090390000000000;;;748.624510000000000;768.661540000000000;791.267380000000000;;0
2025;13;AM;9;1;103;2;1;D05;A;3;2;0.033410000000000;781.348200000000000;0.284150000000000;;;;;0
2025;13;AM;6;3;99;2;1;D04;B;3;2;0.044670000000000;745.865450000000000;0.223390000000000;;;;;0
2025;13;AM;11;4;37;2;1;D10;;1;3;0.110010000000000;;;741.297060000000000;768.349700000000000;799.420520000000000;;0
2025;14;RR;13;7;40;2;1;D10;;1;3;0.067560000000000;;;788.361050000000000;814.134950000000000;826.780710000000000;;0
2025;14;RR;11;7;40;2;1;D10;;1;3;0.067560000000000;;;788.361050000000000;814.134950000000000;826.780710000000000;;0
2025;14;RR;12;6;39;2;1;D10;;1;3;0.087310000000000;;;751.043820000000000;788.665300000000000;;;0
2025;14;RR;12;4;37;2;1;D10;;1;3;0.169080000000000;;;748.204460000000000;767.032040000000000;793.187450000000000;;0
2025;14;RR;13;4;37;2;1;D10;;1;3;0.169080000000000;;;748.204460000000000;767.032040000000000;793.187450000000000;;0
2025;14;RR;13;5;38;2;1;D10;;1;3;0.091840000000000;;;742.069030000000000;761.484130000000000;;;0
2025;14;RR;12;5;38;2;1;D10;;1;3;0.091840000000000;;;742.069030000000000;761.484130000000000;;;0
2025;14;RR;11;5;38;2;1;D10;;1;3;0.091840000000000;;;742.069030000000000;761.484130000000000;;;0
2025;14;RR;13;1;35;2;1;D09;;2;3;0.035160000000000;;;674.572060000000000;684.814060000000000;696.481880000000000;715.647400000000000;0
2025;14;RR;11;2;34;2;1;D09;;2;3;0.031130000000000;;;680.283260000000000;692.767730000000000;710.820970000000000;764.211430000000000;0
2025;14;RR;11;6;39;2;1;D10;;1;3;0.087310000000000;;;751.043820000000000;788.665300000000000;;;0
2025;14;RR;12;7;40;2;1;D10;;1;3;0.067560000000000;;;788.361050000000000;814.134950000000000;826.780710000000000;;0
2025;14;RR;11;3;36;2;1;D10;;1;3;0.174720000000000;;;748.007980000000000;767.212360000000000;;;0
2025;14;RR;12;3;36;2;1;D10;;1;3;0.174720000000000;;;748.007980000000000;767.212360000000000;;;0
2025;14;RR;13;8;41;2;1;D10;;1;3;0.163560000000000;;;751.919910000000000;764.115400000000000;783.269780000000000;;0
2025;14;RR;11;4;37;2;1;D10;;1;3;0.169080000000000;;;748.204460000000000;767.032040000000000;793.187450000000000;;0
2025;14;RR;13;3;36;2;1;D10;;1;3;0.174720000000000;;;748.007980000000000;767.212360000000000;;;0
2025;14;RR;13;6;39;2;1;D10;;1;3;0.087310000000000;;;751.043820000000000;788.665300000000000;;;0
2025;14;RR;3;4;117404;2;1;D02;A;3;2;0.050980000000000;664.132130000000000;0.316640000000000;;;;;1
2025;14;RR;3;6;117512;2;1;D06;D;3;2;0.013540000000000;752.708120000000000;0.208800000000000;;;;;1
2025;14;RR;2;4;117492;2;1;D05;C;3;2;0.023700000000000;713.991690000000000;0.217950000000000;;;;;1
2025;14;RR;3;5;117496;2;1;D01;C;3;2;0.024850000000000;664.083770000000000;0.179350000000000;;;;;1
2025;14;RR;2;8;117434;2;1;D03;B;3;2;0.055460000000000;708.748630000000000;0.378710000000000;;;;;1
2025;14;RR;1;7;117472;2;1;D02;D;3;2;0.046610000000000;654.806690000000000;0.076510000000000;;;;;1
2025;14;RR;6;1;120;2;1;D08;A;3;2;0.021530000000000;783.321610000000000;0.231900000000000;;;;;0
2025;14;RR;3;1;117535;2;1;D02;D;3;2;0.039590000000000;659.808770000000000;0.064480000000000;;;;;1
2025;14;RR;1;6;123;2;1;D01;B;3;2;0.021520000000000;781.403590000000000;0.263840000000000;;;;;0
2025;14;RR;5;4;126;2;1;D06;A;3;2;0.039410000000000;723.541260000000000;0.206310000000000;;;;;0
2025;14;RR;10;1;110;2;1;D08;B;3;2;0.035380000000000;735.799540000000000;0.231370000000000;;;;;0
2025;14;RR;2;1;117351;2;1;D02;A;3;2;0.034980000000000;632.421980000000000;0.107470000000000;;;;;1
2025;14;RR;2;5;117350;2;1;D02;A;3;2;0.035970000000000;631.354300000000000;0.106530000000000;;;;;1
2025;14;RR;2;2;117411;2;1;D01;B;3;2;0.025230000000000;623.313180000000000;0.106540000000000;;;;;1
2025;14;RR;4;4;124;2;1;D04;A;3;2;0.043330000000000;791.160850000000000;0.238190000000000;;;;;0
2025;14;RR;9;2;114;2;1;D04;B;3;2;0.024870000000000;722.641710000000000;0.268620000000000;;;;;0
2025;14;RR;2;7;117353;2;1;D01;C;3;2;0.026900000000000;700.259670000000000;0.179080000000000;;;;;1
2025;14;RR;1;3;121;2;1;D03;A;3;2;0.024430000000000;628.453120000000000;0.196580000000000;;;;;0
2025;14;RR;5;3;119;2;1;D05;D;3;2;0.023170000000000;773.063670000000000;0.072530000000000;;;;;0
2025;14;RR;6;4;116;2;1;D06;B;3;2;0.048900000000000;780.236700000000000;0.305800000000000;;;;;0
2025;14;RR;10;3;115;2;1;D04;C;3;2;0.044620000000000;792.545950000000000;0.243080000000000;;;;;0
2025;14;RR;1;5;117443;2;1;D08;D;3;2;0.031330000000000;717.888460000000000;0.149420000000000;;;;;1
2025;14;RR;1;2;117474;2;1;D01;C;3;2;0.027600000000000;676.112640000000000;0.083530000000000;;;;;1
2025;14;RR;1;4;117478;2;1;D02;C;3;2;0.043120000000000;657.772590000000000;0.112290000000000;;;;;1
2025;14;RR;3;3;117482;2;1;D05;D;3;2;0.023600000000000;723.631300000000000;0.210240000000000;;;;;1
2025;14;RR;3;8;117416;2;1;D01;A;3;2;0.023300000000000;649.756400000000000;0.115840000000000;;;;;1
2025;14;RR;7;3;113;2;1;D04;B;3;2;0.055070000000000;770.795670000000000;0.265570000000000;;;;;0
2025;14;RR;2;3;117537;2;1;D03;C;3;2;0.071710000000000;698.435290000000000;0.264330000000000;;;;;1
2025;14;RR;8;4;112;2;1;D08;A;3;2;0.038340000000000;789.825410000000000;0.195150000000000;;;;;0
2025;14;RR;1;8;117442;2;1;D03;B;3;2;0.040230000000000;679.382170000000000;0.325150000000000;;;;;1
2025;14;RR;3;7;122;2;1;D03;B;3;2;0.029320000000000;648.443130000000000;0.198530000000000;;;;;0
2025;14;RR;5;1;125;2;1;D07;A;3;2;0.035860000000000;746.651810000000000;0.264770000000000;;;;;0
2025;14;RR;7;2;111;2;1;D08;B;3;2;0.019090000000000;745.335280000000000;0.233320000000000;;;;;0
2025;14;RR;5;2;128;2;1;D08;B;3;2;0.029260000000000;821.027180000000000;0.377060000000000;;;;;0
2025;14;RR;9;4;109;2;1;D06;A;3;2;0.042110000000000;749.604300000000000;0.226230000000000;;;;;0
2025;14;RR;10;4;108;2;1;D06;B;3;2;0.055900000000000;754.592780000000000;0.315880000000000;;;;;0
2025;14;RR;3;2;117534;2;1;D01;B;3;2;0.019800000000000;613.221470000000000;0.187240000000000;;;;;1
2025;14;RR;9;3;107;2;1;D07;D;3;2;0.046790000000000;761.214080000000000;0.183870000000000;;;;;0
2025;14;RR;8;3;105;2;1;D06;B;3;2;0.053300000000000;754.768780000000000;0.304500000000000;;;;;0
2025;14;RR;11;1;43;2;1;D09;;2;3;0.032490000000000;;;662.238010000000000;667.789950000000000;673.838750000000000;701.580420000000000;0
2025;14;RR;12;9;42;2;1;D10;;1;3;0.098510000000000;;;749.024170000000000;771.183660000000000;;;0
2025;14;RR;7;4;103;2;1;D07;D;3;2;0.034500000000000;827.427110000000000;0.195640000000000;;;;;0
2025;14;RR;10;2;101;2;1;D07;A;3;2;0.036150000000000;813.680500000000000;0.207530000000000;;;;;0
2025;14;RR;9;1;102;2;1;D05;A;3;2;0.042970000000000;773.278230000000000;0.285940000000000;;;;;0
2025;14;RR;6;2;99;2;1;D07;B;3;2;0.044590000000000;747.771040000000000;0.324680000000000;;;;;0
2025;14;RR;4;3;96;2;1;D06;D;3;2;0.050490000000000;763.108970000000000;0.144200000000000;;;;;0
2025;14;RR;4;2;97;2;1;D05;A;3;2;0.026130000000000;786.374180000000000;0.197740000000000;;;;;0
2025;14;RR;6;3;98;2;1;D04;C;3;2;0.052970000000000;759.945030000000000;0.196270000000000;;;;;0
2025;14;RR;7;1;100;2;1;D05;A;3;2;0.047180000000000;751.067970000000000;0.253600000000000;;;;;0
2025;14;RR;12;2;46;2;1;D09;;2;3;0.040240000000000;;;692.384860000000000;702.206330000000000;716.121600000000000;753.118960000000000;0
2025;14;RR;13;2;45;2;1;D09;;2;3;0.037130000000000;;;690.623130000000000;700.448840000000000;713.477560000000000;747.376220000000000;0
2025;14;RR;12;1;44;2;1;D09;;2;3;0.034300000000000;;;672.219730000000000;683.490690000000000;697.327680000000000;730.625970000000000;0
2025;14;RR;8;2;104;2;1;D04;A;3;2;0.051920000000000;759.207130000000000;0.273110000000000;;;;;0
2025;14;RR;1;1;117484;2;1;D02;B;3;2;0.029850000000000;618.713900000000000;0.106600000000000;;;;;1
2025;14;RR;11;9;42;2;1;D10;;1;3;0.098510000000000;;;749.024170000000000;771.183660000000000;;;0
2025;14;RR;4;1;127;2;1;D08;B;3;2;0.031570000000000;736.046290000000000;0.208090000000000;;;;;0
2025;14;RR;8;1;106;2;1;D05;C;3;2;0.053440000000000;751.110960000000000;0.211820000000000;;;;;0
2025;14;RR;13;9;42;2;1;D10;;1;3;0.098510000000000;;;749.024170000000000;771.183660000000000;;;0
2025;14;RR;2;6;117413;2;1;D07;D;3;2;0.019540000000000;691.805590000000000;0.185010000000000;;;;;1
2025;14;RR;11;8;41;2;1;D10;;1;3;0.163560000000000;;;751.919910000000000;764.115400000000000;783.269780000000000;;0
2025;14;RR;12;8;41;2;1;D10;;1;3;0.163560000000000;;;751.919910000000000;764.115400000000000;783.269780000000000;;0
2025;15;PA;2;5;117350;2;1;D02;A;3;2;0.035970000000000;631.354300000000000;0.106530000000000;;;;;1
2025;15;PA;2;7;117353;2;1;D01;C;3;2;0.025990000000000;689.263650000000000;0.129640000000000;;;;;1
2025;15;PA;3;6;117512;2;1;D06;D;3;2;0.020010000000000;814.223440000000000;0.111010000000000;;;;;1
2025;15;PA;2;2;117411;2;1;D01;B;3;2;0.025230000000000;623.313180000000000;0.106540000000000;;;;;1
2025;15;PA;3;2;117534;2;1;D01;B;3;2;0.019800000000000;613.221470000000000;0.187240000000000;;;;;1
2025;15;PA;3;3;117482;2;1;D05;D;3;2;0.034380000000000;751.669690000000000;0.175800000000000;;;;;1
2025;15;PA;3;5;117496;2;1;D01;C;3;2;0.033710000000000;651.362080000000000;0.086780000000000;;;;;1
2025;15;PA;2;8;117434;2;1;D03;B;3;2;0.055460000000000;708.748630000000000;0.378710000000000;;;;;1
2025;15;PA;1;8;117442;2;1;D03;B;3;2;0.040230000000000;679.382170000000000;0.325150000000000;;;;;1
2025;15;PA;1;5;117443;2;1;D08;D;3;2;0.031330000000000;717.888460000000000;0.149420000000000;;;;;1
2025;15;PA;1;2;117474;2;1;D01;C;3;2;0.027600000000000;676.112640000000000;0.083530000000000;;;;;1
2025;15;PA;1;3;124;2;1;D03;A;3;2;0.028950000000000;622.822270000000000;0.293060000000000;;;;;0
2025;15;PA;2;1;117351;2;1;D02;A;3;2;0.034980000000000;632.421980000000000;0.107470000000000;;;;;1
2025;15;PA;5;1;128;2;1;D08;C;3;2;0.040290000000000;768.438430000000000;0.203310000000000;;;;;0
2025;15;PA;8;1;111;2;1;D05;C;3;2;0.063090000000000;750.984700000000000;0.231070000000000;;;;;0
2025;15;PA;4;1;127;2;1;D08;B;3;2;0.029740000000000;752.287650000000000;0.315780000000000;;;;;0
2025;15;PA;3;4;117404;2;1;D02;A;3;2;0.050980000000000;664.132130000000000;0.316640000000000;;;;;1
2025;15;PA;1;7;117472;2;1;D02;D;3;2;0.046610000000000;654.806690000000000;0.076510000000000;;;;;1
2025;15;PA;6;4;123;2;1;D06;A;3;2;0.049450000000000;749.277080000000000;0.333530000000000;;;;;0
2025;15;PA;9;4;114;2;1;D06;A;3;2;0.039720000000000;758.155760000000000;0.286960000000000;;;;;0
2025;15;PA;10;3;120;2;1;D04;C;3;2;0.042750000000000;798.688280000000000;0.239390000000000;;;;;0
2025;15;PA;8;4;117;2;1;D08;A;3;2;0.040270000000000;799.245500000000000;0.247770000000000;;;;;0
2025;15;PA;7;3;118;2;1;D04;B;3;2;0.071910000000000;781.210800000000000;0.341370000000000;;;;;0
2025;15;PA;7;2;116;2;1;D08;B;3;2;0.027530000000000;791.530280000000000;0.386670000000000;;;;;0
2025;15;PA;3;8;117416;2;1;D01;A;3;2;0.023300000000000;649.756400000000000;0.115840000000000;;;;;1
2025;15;PA;3;7;125;2;1;D03;B;3;2;0.024440000000000;615.797030000000000;0.220490000000000;;;;;0
2025;15;PA;9;2;119;2;1;D04;B;3;2;0.025420000000000;724.194220000000000;0.331300000000000;;;;;0
2025;15;PA;9;3;112;2;1;D07;D;3;2;0.049440000000000;766.298820000000000;0.216850000000000;;;;;0
2025;15;PA;8;3;110;2;1;D06;B;3;2;0.059430000000000;759.726700000000000;0.319830000000000;;;;;0
2025;15;PA;1;6;126;2;1;D01;B;3;2;0.014980000000000;828.278430000000000;0.249350000000000;;;;;0
2025;15;PA;7;4;108;2;1;D07;D;3;2;0.031400000000000;828.365470000000000;0.192990000000000;;;;;0
2025;15;PA;7;1;105;2;1;D05;A;3;2;0.052720000000000;748.066230000000000;0.302100000000000;;;;;0
2025;15;PA;2;6;117413;2;1;D07;D;3;2;0.018570000000000;713.353510000000000;0.141120000000000;;;;;1
2025;15;PA;11;9;42;2;1;D10;;1;3;0.061280000000000;;;739.579510000000000;770.029750000000000;;;0
2025;15;PA;4;2;104;2;1;D05;C;3;2;0.024050000000000;796.626400000000000;0.166250000000000;;;;;0
2025;15;PA;8;2;109;2;1;D04;A;3;2;0.058270000000000;769.362560000000000;0.344130000000000;;;;;0
2025;15;PA;2;3;117537;2;1;D03;C;3;2;0.071710000000000;698.435290000000000;0.264330000000000;;;;;1
2025;15;PA;1;1;117484;2;1;D02;B;3;2;0.029850000000000;618.713900000000000;0.106600000000000;;;;;1
2025;15;PA;10;1;115;2;1;D08;B;3;2;0.033160000000000;750.240050000000000;0.320210000000000;;;;;0
2025;15;PA;4;4;102;2;1;D04;B;3;2;0.056740000000000;771.765470000000000;0.272150000000000;;;;;0
2025;15;PA;5;3;100;2;1;D07;A;3;2;0.042080000000000;886.837690000000000;0.243580000000000;;;;;0
2025;15;PA;12;2;46;2;1;D09;;2;3;0.040590000000000;;;678.793560000000000;690.683650000000000;710.685240000000000;755.534140000000000;0
2025;15;PA;1;4;117478;2;1;D02;C;3;2;0.043120000000000;657.772590000000000;0.112290000000000;;;;;1
2025;15;PA;6;1;98;2;1;D08;B;3;2;0.028580000000000;777.880820000000000;0.290470000000000;;;;;0
2025;15;PA;6;2;97;2;1;D07;B;3;2;0.045420000000000;756.028400000000000;0.378370000000000;;;;;0
2025;15;PA;6;3;96;2;1;D04;C;3;2;0.051830000000000;766.499650000000000;0.235970000000000;;;;;0
2025;15;PA;3;1;117535;2;1;D02;D;3;2;0.039590000000000;659.808770000000000;0.064480000000000;;;;;1
2025;15;PA;10;4;113;2;1;D06;X;3;2;;;;;;;;0
2025;15;PA;13;2;45;2;1;D09;;2;3;0.037610000000000;;;680.215200000000000;691.409560000000000;709.288250000000000;753.224280000000000;0
2025;15;PA;13;9;42;2;1;D10;;1;3;0.061280000000000;;;739.579510000000000;770.029750000000000;;;0
2025;15;PA;11;8;41;2;1;D10;;1;3;0.086470000000000;;;748.571680000000000;769.200060000000000;793.731670000000000;;0
2025;15;PA;11;7;40;2;1;D10;;1;3;0.042360000000000;;;799.713630000000000;842.024610000000000;865.195070000000000;;0
2025;15;PA;12;8;41;2;1;D10;;1;3;0.086470000000000;;;748.571680000000000;769.200060000000000;793.731670000000000;;0
2025;15;PA;13;3;36;2;1;D10;;1;3;0.095700000000000;;;741.399990000000000;773.474300000000000;;;0
2025;15;PA;13;8;41;2;1;D10;;1;3;0.086470000000000;;;748.571680000000000;769.200060000000000;793.731670000000000;;0
2025;15;PA;12;9;42;2;1;D10;;1;3;0.061280000000000;;;739.579510000000000;770.029750000000000;;;0
2025;15;PA;13;7;40;2;1;D10;;1;3;0.042360000000000;;;799.713630000000000;842.024610000000000;865.195070000000000;;0
2025;15;PA;13;6;39;2;1;D10;;1;3;0.054480000000000;;;741.897590000000000;797.022270000000000;;;0
2025;15;PA;12;4;37;2;1;D10;;1;3;0.100220000000000;;;740.650420000000000;768.548450000000000;802.672020000000000;;0
2025;15;PA;9;1;107;2;1;D05;A;3;2;0.041170000000000;782.604540000000000;0.289730000000000;;;;;0
2025;15;PA;10;2;106;2;1;D07;A;3;2;0.042910000000000;822.745380000000000;0.258240000000000;;;;;0
2025;15;PA;11;6;39;2;1;D10;;1;3;0.054480000000000;;;741.897590000000000;797.022270000000000;;;0
2025;15;PA;12;5;38;2;1;D10;;1;3;0.053750000000000;;;725.185800000000000;762.036690000000000;;;0
2025;15;PA;13;5;38;2;1;D10;;1;3;0.053750000000000;;;725.185800000000000;762.036690000000000;;;0
2025;15;PA;11;5;38;2;1;D10;;1;3;0.053750000000000;;;725.185800000000000;762.036690000000000;;;0
2025;15;PA;5;4;99;2;1;D04;C;3;2;0.040220000000000;788.865210000000000;0.213170000000000;;;;;0
2025;15;PA;11;4;37;2;1;D10;;1;3;0.100220000000000;;;740.650420000000000;768.548450000000000;802.672020000000000;;0
2025;15;PA;5;2;101;2;1;D05;B;3;2;0.041010000000000;767.716070000000000;0.366620000000000;;;;;0
2025;15;PA;12;1;44;2;1;D09;;2;3;0.034330000000000;;;663.931640000000000;677.411350000000000;691.054770000000000;729.078890000000000;0
2025;15;PA;13;4;37;2;1;D10;;1;3;0.100220000000000;;;740.650420000000000;768.548450000000000;802.672020000000000;;0
2025;15;PA;11;1;43;2;1;D09;;2;3;0.033530000000000;;;657.532740000000000;665.692330000000000;673.594920000000000;699.786840000000000;0
2025;15;PA;11;3;36;2;1;D10;;1;3;0.095700000000000;;;741.399990000000000;773.474300000000000;;;0
2025;15;PA;12;6;39;2;1;D10;;1;3;0.054480000000000;;;741.897590000000000;797.022270000000000;;;0
2025;15;PA;12;3;36;2;1;D10;;1;3;0.095700000000000;;;741.399990000000000;773.474300000000000;;;0
2025;15;PA;2;4;117492;2;1;D05;C;3;2;0.024670000000000;712.030750000000000;0.201350000000000;;;;;1
2025;15;PA;13;1;35;2;1;D09;;2;3;0.037010000000000;;;660.663330000000000;672.016090000000000;683.089340000000000;706.800590000000000;0
2025;15;PA;11;2;34;2;1;D09;;2;3;0.034220000000000;;;676.108670000000000;691.859680000000000;715.593500000000000;768.773440000000000;0
2025;15;PA;12;7;40;2;1;D10;;1;3;0.042360000000000;;;799.713630000000000;842.024610000000000;865.195070000000000;;0
2025;15;PA;4;3;103;2;1;D07;D;3;2;0.021320000000000;787.916440000000000;0.128040000000000;;;;;0
2025;16;AP;3;2;117534;2;1;D01;B;3;2;0.019690000000000;648.271780000000000;0.194210000000000;;;;;1
2025;16;AP;3;1;117535;2;1;D02;D;3;2;0.039590000000000;659.808770000000000;0.064480000000000;;;;;1
2025;16;AP;2;3;117537;2;1;D03;C;3;2;0.071710000000000;698.435290000000000;0.264330000000000;;;;;1
2025;16;AP;3;6;117512;2;1;D06;D;3;2;0.020010000000000;814.223440000000000;0.111010000000000;;;;;1
2025;16;AP;2;1;117351;2;1;D02;A;3;2;0.034980000000000;632.421980000000000;0.107470000000000;;;;;1
2025;16;AP;4;1;128;2;1;D05;C;3;2;0.086090000000000;742.188740000000000;0.229980000000000;;;;;0
2025;16;AP;3;3;117482;2;1;D05;D;3;2;0.034380000000000;751.669690000000000;0.175800000000000;;;;;1
2025;16;AP;1;1;117484;2;1;D02;B;3;2;0.029850000000000;618.713900000000000;0.106600000000000;;;;;1
2025;16;AP;1;7;117472;2;1;D02;D;3;2;0.046610000000000;654.806690000000000;0.076510000000000;;;;;1
2025;16;AP;2;8;117434;2;1;D03;B;3;2;0.055460000000000;708.748630000000000;0.378710000000000;;;;;1
2025;16;AP;1;8;117442;2;1;D03;B;3;2;0.040230000000000;679.382170000000000;0.325150000000000;;;;;1
2025;16;AP;3;8;117416;2;1;D01;A;3;2;0.023300000000000;649.756400000000000;0.115840000000000;;;;;1
2025;16;AP;2;6;117413;2;1;D07;D;3;2;0.015410000000000;741.298470000000000;0.176910000000000;;;;;1
2025;16;AP;2;2;117411;2;1;D01;B;3;2;0.025230000000000;623.313180000000000;0.106540000000000;;;;;1
2025;16;AP;2;7;117353;2;1;D01;C;3;2;0.035120000000000;684.711150000000000;0.214000000000000;;;;;1
2025;16;AP;1;2;117474;2;1;D01;C;3;2;0.027600000000000;676.112640000000000;0.083530000000000;;;;;1
2025;16;AP;2;5;117350;2;1;D02;A;3;2;0.035970000000000;631.354300000000000;0.106530000000000;;;;;1
2025;16;AP;6;3;127;2;1;D08;B;3;2;0.012930000000000;820.841710000000000;0.218930000000000;;;;;0
2025;16;AP;9;3;106;2;1;D07;A;3;2;0.019260000000000;798.892150000000000;0.189160000000000;;;;;0
2025;16;AP;4;2;126;2;1;D07;D;3;2;0.028450000000000;785.596820000000000;0.154090000000000;;;;;0
2025;16;AP;5;4;123;2;1;D06;C;3;2;0.027920000000000;801.314270000000000;0.198850000000000;;;;;0
2025;16;AP;4;3;121;2;1;D06;C;3;2;0.033360000000000;773.915770000000000;0.194800000000000;;;;;0
2025;16;AP;10;2;108;2;1;D07;A;3;2;0.009630000000000;836.331750000000000;0.182600000000000;;;;;0
2025;16;AP;7;2;110;2;1;D08;A;3;2;0.027390000000000;811.917500000000000;0.209950000000000;;;;;0
2025;16;AP;1;3;118;2;1;D03;A;3;2;0.026660000000000;611.921670000000000;0.209350000000000;;;;;0
2025;16;AP;1;4;117478;2;1;D02;C;3;2;0.043120000000000;657.772590000000000;0.112290000000000;;;;;1
2025;16;AP;3;7;119;2;1;D03;B;3;2;0.026060000000000;627.178190000000000;0.207610000000000;;;;;0
2025;16;AP;5;1;115;2;1;D05;C;3;2;0.059320000000000;740.542560000000000;0.201190000000000;;;;;0
2025;16;AP;8;4;111;2;1;D08;D;3;2;0.034010000000000;769.448730000000000;0.127580000000000;;;;;0
2025;16;AP;10;4;109;2;1;D06;A;3;2;0.030910000000000;759.484280000000000;0.211890000000000;;;;;0
2025;16;AP;4;4;124;2;1;D08;B;3;2;0.022700000000000;747.975180000000000;0.220180000000000;;;;;0
2025;16;AP;5;2;125;2;1;D08;C;3;2;0.037780000000000;775.068770000000000;0.192810000000000;;;;;0
2025;16;AP;7;4;105;2;1;D07;A;3;2;0.025580000000000;751.274390000000000;0.199210000000000;;;;;0
2025;16;AP;8;3;103;2;1;D06;A;3;2;0.041920000000000;762.376100000000000;0.230290000000000;;;;;0
2025;16;AP;9;4;100;2;1;D06;C;3;2;0.039010000000000;788.242020000000000;0.199230000000000;;;;;0
2025;16;AP;2;4;117492;2;1;D05;C;3;2;0.026450000000000;745.839840000000000;0.229700000000000;;;;;1
2025;16;AP;5;3;116;2;1;D04;A;3;2;0.036240000000000;842.160090000000000;0.253400000000000;;;;;0
2025;16;AP;6;4;122;2;1;D06;A;3;2;0.042350000000000;736.910810000000000;0.265840000000000;;;;;0
2025;16;AP;6;2;117;2;1;D07;D;3;2;0.037090000000000;770.060910000000000;0.157160000000000;;;;;0
2025;16;AP;6;1;112;2;1;D05;B;3;2;0.028050000000000;762.473860000000000;0.294860000000000;;;;;0
2025;16;AP;7;1;101;2;1;D05;B;3;2;0.030930000000000;793.391660000000000;0.291290000000000;;;;;0
2025;16;AP;13;9;43;2;1;D10;;1;3;0.059840000000000;;;734.276120000000000;767.310800000000000;;;0
2025;16;AP;12;8;42;2;1;D10;;1;3;0.063180000000000;;;745.256330000000000;772.627740000000000;805.394300000000000;;0
2025;16;AP;1;5;117443;2;1;D08;D;3;2;0.031330000000000;717.888460000000000;0.149420000000000;;;;;1
2025;16;AP;11;2;47;2;1;D09;;2;3;0.029720000000000;;;669.362920000000000;687.060740000000000;715.394790000000000;759.292580000000000;0
2025;16;AP;11;1;44;2;1;D09;;2;3;0.023820000000000;;;612.030040000000000;624.279750000000000;632.892450000000000;658.737130000000000;0
2025;16;AP;11;8;42;2;1;D10;;1;3;0.063180000000000;;;745.256330000000000;772.627740000000000;805.394300000000000;;0
2025;16;AP;3;4;117404;2;1;D02;A;3;2;0.050980000000000;664.132130000000000;0.316640000000000;;;;;1
2025;16;AP;13;8;42;2;1;D10;;1;3;0.063180000000000;;;745.256330000000000;772.627740000000000;805.394300000000000;;0
2025;16;AP;11;7;41;2;1;D10;;1;3;0.026620000000000;;;822.783510000000000;883.044520000000000;933.484240000000000;;0
2025;16;AP;12;9;43;2;1;D10;;1;3;0.059840000000000;;;734.276120000000000;767.310800000000000;;;0
2025;16;AP;13;7;41;2;1;D10;;1;3;0.026620000000000;;;822.783510000000000;883.044520000000000;933.484240000000000;;0
2025;16;AP;11;6;40;2;1;D10;;1;3;0.046340000000000;;;736.853790000000000;795.745800000000000;;;0
2025;16;AP;13;1;46;2;1;D09;;2;3;0.028800000000000;;;656.322980000000000;665.251850000000000;676.897500000000000;710.999470000000000;0
2025;16;AP;12;7;41;2;1;D10;;1;3;0.026620000000000;;;822.783510000000000;883.044520000000000;933.484240000000000;;0
2025;16;AP;13;2;48;2;1;D09;;2;3;0.030890000000000;;;670.219230000000000;688.400890000000000;705.442600000000000;756.468490000000000;0
2025;16;AP;12;6;40;2;1;D10;;1;3;0.046340000000000;;;736.853790000000000;795.745800000000000;;;0
2025;16;AP;12;2;36;2;1;D09;;2;3;0.035910000000000;;;668.294120000000000;699.207670000000000;724.163470000000000;773.962930000000000;0
2025;16;AP;1;6;120;2;1;D01;B;3;2;0.014030000000000;836.252280000000000;0.255980000000000;;;;;0
2025;16;AP;8;1;50;2;1;D05;B;3;2;0.030640000000000;716.519070000000000;0.219460000000000;;;;;0
2025;16;AP;3;5;117496;2;1;D01;C;3;2;0.026520000000000;667.013590000000000;0.169460000000000;;;;;1
2025;16;AP;11;5;39;2;1;D10;;1;3;0.049970000000000;;;722.492420000000000;764.049100000000000;;;0
2025;16;AP;13;6;40;2;1;D10;;1;3;0.046340000000000;;;736.853790000000000;795.745800000000000;;;0
2025;16;AP;9;1;49;2;1;D05;A;3;2;0.033980000000000;769.735020000000000;0.223580000000000;;;;;0
2025;16;AP;11;3;37;2;1;D10;;1;3;0.082870000000000;;;730.433630000000000;767.623090000000000;;;0
2025;16;AP;11;4;38;2;1;D10;;1;3;0.070130000000000;;;728.216820000000000;767.653050000000000;807.582890000000000;;0
2025;16;AP;12;4;38;2;1;D10;;1;3;0.070130000000000;;;728.216820000000000;767.653050000000000;807.582890000000000;;0
2025;16;AP;8;2;102;2;1;D04;C;3;2;0.044330000000000;769.469430000000000;0.393980000000000;;;;;0
2025;16;AP;13;4;38;2;1;D10;;1;3;0.070130000000000;;;728.216820000000000;767.653050000000000;807.582890000000000;;0
2025;16;AP;11;9;43;2;1;D10;;1;3;0.059840000000000;;;734.276120000000000;767.310800000000000;;;0
2025;16;AP;13;5;39;2;1;D10;;1;3;0.049970000000000;;;722.492420000000000;764.049100000000000;;;0
2025;16;AP;12;3;37;2;1;D10;;1;3;0.082870000000000;;;730.433630000000000;767.623090000000000;;;0
2025;16;AP;13;3;37;2;1;D10;;1;3;0.082870000000000;;;730.433630000000000;767.623090000000000;;;0
2025;16;AP;10;3;107;2;1;D04;D;3;2;0.037730000000000;777.510060000000000;0.156790000000000;;;;;0
2025;16;AP;9;2;35;2;1;D04;D;3;2;0.048750000000000;720.421710000000000;0.164290000000000;;;;;0
2025;16;AP;10;1;104;2;1;D08;D;3;2;0.032330000000000;760.259640000000000;0.119080000000000;;;;;0
2025;16;AP;12;5;39;2;1;D10;;1;3;0.049970000000000;;;722.492420000000000;764.049100000000000;;;0
2025;16;AP;7;3;34;2;1;D04;C;3;2;0.061380000000000;772.451740000000000;0.208590000000000;;;;;0
2025;16;AP;12;1;45;2;1;D09;;2;3;0.033660000000000;;;648.830230000000000;659.229880000000000;669.340410000000000;693.690160000000000;0
2025;17;TO;8;1;50;2;1;D05;B;3;2;0.033410000000000;715.032380000000000;0.221040000000000;;;;;0
2025;17;TO;9;4;102;2;1;D06;C;3;2;0.041410000000000;793.192280000000000;0.218810000000000;;;;;0
2025;17;TO;9;1;49;2;1;D05;A;3;2;0.033420000000000;757.974460000000000;0.171060000000000;;;;;0
2025;17;TO;11;9;43;2;1;D10;;1;3;0.062770000000000;;;721.270840000000000;754.458560000000000;;;0
2025;17;TO;12;1;45;2;1;D09;;2;3;0.040170000000000;;;648.106300000000000;662.783340000000000;673.055070000000000;695.933110000000000;0
2025;17;TO;13;2;48;2;1;D09;;2;3;0.038720000000000;;;666.577530000000000;680.450010000000000;703.729530000000000;753.073250000000000;0
2025;17;TO;12;9;43;2;1;D10;;1;3;0.062770000000000;;;721.270840000000000;754.458560000000000;;;0
2025;17;TO;13;9;43;2;1;D10;;1;3;0.062770000000000;;;721.270840000000000;754.458560000000000;;;0
2025;17;TO;11;8;42;2;1;D10;;1;3;0.075850000000000;;;733.638570000000000;756.975470000000000;788.373590000000000;;0
2025;17;TO;13;8;42;2;1;D10;;1;3;0.075850000000000;;;733.638570000000000;756.975470000000000;788.373590000000000;;0
2025;17;TO;11;7;41;2;1;D10;;1;3;0.035250000000000;;;780.910550000000000;819.086250000000000;860.474310000000000;;0
2025;17;TO;12;7;41;2;1;D10;;1;3;0.035250000000000;;;780.910550000000000;819.086250000000000;860.474310000000000;;0
2025;17;TO;13;7;41;2;1;D10;;1;3;0.035250000000000;;;780.910550000000000;819.086250000000000;860.474310000000000;;0
2025;17;TO;12;8;42;2;1;D10;;1;3;0.075850000000000;;;733.638570000000000;756.975470000000000;788.373590000000000;;0
2025;17;TO;12;5;39;2;1;D10;;1;3;0.053480000000000;;;711.110450000000000;751.065760000000000;;;0
2025;17;TO;11;6;40;2;1;D10;;1;3;0.057100000000000;;;728.484640000000000;790.933930000000000;;;0
2025;17;TO;11;5;39;2;1;D10;;1;3;0.053480000000000;;;711.110450000000000;751.065760000000000;;;0
2025;17;TO;7;3;34;2;1;D04;C;3;2;0.054900000000000;774.019800000000000;0.226640000000000;;;;;0
2025;17;TO;11;1;44;2;1;D09;;2;3;0.029390000000000;;;624.854010000000000;632.709290000000000;640.306370000000000;666.579110000000000;0
2025;17;TO;13;5;39;2;1;D10;;1;3;0.053480000000000;;;711.110450000000000;751.065760000000000;;;0
2025;17;TO;11;4;38;2;1;D10;;1;3;0.088120000000000;;;721.994840000000000;753.216360000000000;791.498440000000000;;0
2025;17;TO;12;4;38;2;1;D10;;1;3;0.088120000000000;;;721.994840000000000;753.216360000000000;791.498440000000000;;0
2025;17;TO;12;2;36;2;1;D09;;2;3;0.043380000000000;;;672.415200000000000;687.468340000000000;710.996590000000000;768.245480000000000;0
2025;17;TO;11;3;37;2;1;D10;;1;3;0.088330000000000;;;725.171290000000000;760.235570000000000;;;0
2025;17;TO;12;3;37;2;1;D10;;1;3;0.088330000000000;;;725.171290000000000;760.235570000000000;;;0
2025;17;TO;6;2;100;2;1;D06;D;3;2;0.053320000000000;767.065180000000000;0.143660000000000;;;;;0
2025;17;TO;13;3;37;2;1;D10;;1;3;0.088330000000000;;;725.171290000000000;760.235570000000000;;;0
2025;17;TO;6;1;101;2;1;D05;A;3;2;0.027420000000000;784.644850000000000;0.215930000000000;;;;;0
2025;17;TO;13;4;38;2;1;D10;;1;3;0.088120000000000;;;721.994840000000000;753.216360000000000;791.498440000000000;;0
2025;17;TO;6;3;103;2;1;D08;B;3;2;0.026000000000000;750.782690000000000;0.244520000000000;;;;;0
2025;17;TO;9;2;35;2;1;D04;D;3;2;0.081320000000000;726.938280000000000;0.229920000000000;;;;;0
2025;17;TO;5;2;105;2;1;D07;D;3;2;0.022910000000000;781.359460000000000;0.123110000000000;;;;;0
2025;17;TO;13;6;40;2;1;D10;;1;3;0.057100000000000;;;728.484640000000000;790.933930000000000;;;0
2025;17;TO;13;1;46;2;1;D09;;2;3;0.036450000000000;;;651.481060000000000;664.106510000000000;679.135600000000000;716.450760000000000;0
2025;17;TO;11;2;47;2;1;D09;;2;3;0.033570000000000;;;665.235700000000000;687.322310000000000;713.119970000000000;755.264270000000000;0
2025;17;TO;5;3;104;2;1;D04;B;3;2;0.054810000000000;769.995820000000000;0.239140000000000;;;;;0
2025;17;TO;12;6;40;2;1;D10;;1;3;0.057100000000000;;;728.484640000000000;790.933930000000000;;;0
2025;17;TO;2;3;117537;2;1;D03;C;3;2;0.071710000000000;698.435290000000000;0.264330000000000;;;;;1
2025;17;TO;3;1;117535;2;1;D02;D;3;2;0.039590000000000;659.808770000000000;0.064480000000000;;;;;1
2025;17;TO;2;4;117492;2;1;D05;C;3;2;0.026450000000000;745.839840000000000;0.229700000000000;;;;;1
2025;17;TO;1;1;117484;2;1;D02;B;3;2;0.029850000000000;618.713900000000000;0.106600000000000;;;;;1
2025;17;TO;1;4;117478;2;1;D02;C;3;2;0.043120000000000;657.772590000000000;0.112290000000000;;;;;1
2025;17;TO;1;2;117474;2;1;D01;C;3;2;0.027600000000000;676.112640000000000;0.083530000000000;;;;;1
2025;17;TO;1;5;117443;2;1;D08;D;3;2;0.031330000000000;717.888460000000000;0.149420000000000;;;;;1
2025;17;TO;2;8;117434;2;1;D03;B;3;2;0.055460000000000;708.748630000000000;0.378710000000000;;;;;1
2025;17;TO;2;2;117411;2;1;D01;B;3;2;0.025230000000000;623.313180000000000;0.106540000000000;;;;;1
2025;17;TO;3;4;117404;2;1;D02;A;3;2;0.050980000000000;664.132130000000000;0.316640000000000;;;;;1
2025;17;TO;2;7;117353;2;1;D01;C;3;2;0.035120000000000;684.711150000000000;0.214000000000000;;;;;1
2025;17;TO;2;1;117351;2;1;D02;A;3;2;0.034980000000000;632.421980000000000;0.107470000000000;;;;;1
2025;17;TO;6;4;128;2;1;D04;C;3;2;0.060260000000000;778.696160000000000;0.217670000000000;;;;;0
2025;17;TO;2;5;117350;2;1;D02;A;3;2;0.035970000000000;631.354300000000000;0.106530000000000;;;;;1
2025;17;TO;4;3;127;2;1;D07;A;3;2;0.043170000000000;752.381370000000000;0.294500000000000;;;;;0
2025;17;TO;2;6;117413;2;1;D07;D;3;2;0.017290000000000;732.242790000000000;0.151910000000000;;;;;1
2025;17;TO;1;6;126;2;1;D01;B;3;2;0.019870000000000;869.256130000000000;0.303530000000000;;;;;0
2025;17;TO;3;7;125;2;1;D03;B;3;2;0.032660000000000;636.102140000000000;0.211100000000000;;;;;0
2025;17;TO;1;3;124;2;1;D03;A;3;2;0.034450000000000;620.614340000000000;0.210400000000000;;;;;0
2025;17;TO;4;4;123;2;1;D08;A;3;2;0.021680000000000;786.769660000000000;0.233320000000000;;;;;0
2025;17;TO;1;8;117442;2;1;D03;B;3;2;0.040230000000000;679.382170000000000;0.325150000000000;;;;;1
2025;17;TO;1;7;117472;2;1;D02;D;3;2;0.046610000000000;654.806690000000000;0.076510000000000;;;;;1
2025;17;TO;5;4;122;2;1;D06;A;3;2;0.046560000000000;736.098800000000000;0.266300000000000;;;;;0
2025;17;TO;4;1;119;2;1;D06;A;3;2;0.028460000000000;793.708660000000000;0.235730000000000;;;;;0
2025;17;TO;4;2;118;2;1;D04;D;3;2;0.032460000000000;892.358440000000000;0.167610000000000;;;;;0
2025;17;TO;8;4;117;2;1;D08;D;3;2;0.036920000000000;765.536300000000000;0.120700000000000;;;;;0
2025;17;TO;3;3;117482;2;1;D05;D;3;2;0.034380000000000;751.669690000000000;0.175800000000000;;;;;1
2025;17;TO;7;2;116;2;1;D08;A;3;2;0.037220000000000;797.449390000000000;0.248510000000000;;;;;0
2025;17;TO;3;5;117496;2;1;D01;C;3;2;0.033710000000000;651.362080000000000;0.086780000000000;;;;;1
2025;17;TO;10;4;115;2;1;D06;A;3;2;0.042880000000000;759.390470000000000;0.252820000000000;;;;;0
2025;17;TO;10;2;114;2;1;D07;A;3;2;0.012650000000000;820.660940000000000;0.185140000000000;;;;;0
2025;17;TO;10;3;113;2;1;D04;D;3;2;0.055380000000000;774.847400000000000;0.152630000000000;;;;;0
2025;17;TO;3;2;117534;2;1;D01;B;3;2;0.019800000000000;613.221470000000000;0.187240000000000;;;;;1
2025;17;TO;9;3;112;2;1;D07;A;3;2;0.030890000000000;774.122110000000000;0.200640000000000;;;;;0
2025;17;TO;7;4;111;2;1;D07;A;3;2;0.030630000000000;741.432970000000000;0.210690000000000;;;;;0
2025;17;TO;10;1;110;2;1;D08;D;3;2;0.031800000000000;758.070010000000000;0.131170000000000;;;;;0
2025;17;TO;8;3;109;2;1;D06;A;3;2;0.062360000000000;763.109200000000000;0.256440000000000;;;;;0
2025;17;TO;8;2;108;2;1;D04;C;3;2;0.040980000000000;765.568270000000000;0.353180000000000;;;;;0
2025;17;TO;3;6;117512;2;1;D06;D;3;2;0.020010000000000;814.223440000000000;0.111010000000000;;;;;1
2025;17;TO;3;8;117416;2;1;D01;A;3;2;0.023300000000000;649.756400000000000;0.115840000000000;;;;;1
2025;17;TO;7;1;107;2;1;D05;B;3;2;0.023350000000000;771.504640000000000;0.242950000000000;;;;;0
2025;17;TO;5;1;106;2;1;D05;C;3;2;0.023620000000000;798.248860000000000;0.169510000000000;;;;;0
2025;21;MA;2;3;117537;2;1;D03;C;3;2;0.071710000000000;698.435290000000000;0.264330000000000;;;;;1
2025;21;MA;3;6;117512;2;1;D06;D;3;2;0.020010000000000;814.223440000000000;0.111010000000000;;;;;1
2025;21;MA;3;5;117496;2;1;D01;C;3;2;0.033710000000000;651.362080000000000;0.086780000000000;;;;;1
2025;21;MA;3;3;117482;2;1;D05;D;3;2;0.034380000000000;751.669690000000000;0.175800000000000;;;;;1
2025;21;MA;1;4;117478;2;1;D02;C;3;2;0.043120000000000;657.772590000000000;0.112290000000000;;;;;1
2025;21;MA;1;7;117472;2;1;D02;D;3;2;0.046610000000000;654.806690000000000;0.076510000000000;;;;;1
2025;21;MA;1;8;117442;2;1;D03;B;3;2;0.040230000000000;679.382170000000000;0.325150000000000;;;;;1
2025;21;MA;2;8;117434;2;1;D03;B;3;2;0.055460000000000;708.748630000000000;0.378710000000000;;;;;1
2025;21;MA;2;2;117411;2;1;D01;B;3;2;0.025230000000000;623.313180000000000;0.106540000000000;;;;;1
2025;21;MA;3;4;117404;2;1;D02;A;3;2;0.050980000000000;664.132130000000000;0.316640000000000;;;;;1
2025;21;MA;2;5;117350;2;1;D02;A;3;2;0.035970000000000;631.354300000000000;0.106530000000000;;;;;1
2025;21;MA;2;7;117353;2;1;D01;C;3;2;0.026090000000000;694.738180000000000;0.147920000000000;;;;;1
2025;21;MA;5;4;127;2;1;D08;C;3;2;0.034560000000000;794.516800000000000;0.215760000000000;;;;;0
2025;21;MA;4;4;126;2;1;D07;B;3;2;0.039170000000000;774.995640000000000;0.362670000000000;;;;;0
2025;21;MA;2;1;117351;2;1;D02;A;3;2;0.034980000000000;632.421980000000000;0.107470000000000;;;;;1
2025;21;MA;1;6;125;2;1;D01;B;3;2;0.022380000000000;826.144820000000000;0.310120000000000;;;;;0
2025;21;MA;1;3;123;2;1;D03;A;3;2;0.025350000000000;600.121920000000000;0.204750000000000;;;;;0
2025;21;MA;1;5;117443;2;1;D08;D;3;2;0.031330000000000;717.888460000000000;0.149420000000000;;;;;1
2025;21;MA;8;4;119;2;1;D08;D;3;2;0.030460000000000;772.508840000000000;0.122080000000000;;;;;0
2025;21;MA;10;4;117;2;1;D06;A;3;2;0.038800000000000;765.990620000000000;0.254790000000000;;;;;0
2025;21;MA;1;2;117474;2;1;D01;C;3;2;0.027600000000000;676.112640000000000;0.083530000000000;;;;;1
2025;21;MA;1;1;117484;2;1;D02;B;3;2;0.029850000000000;618.713900000000000;0.106600000000000;;;;;1
2025;21;MA;10;3;115;2;1;D04;D;3;2;0.044620000000000;784.191320000000000;0.175990000000000;;;;;0
2025;21;MA;7;4;113;2;1;D07;A;3;2;0.024170000000000;751.512250000000000;0.206040000000000;;;;;0
2025;21;MA;3;1;117535;2;1;D02;D;3;2;0.039590000000000;659.808770000000000;0.064480000000000;;;;;1
2025;21;MA;8;3;111;2;1;D06;A;3;2;0.046480000000000;767.463930000000000;0.243980000000000;;;;;0
2025;21;MA;7;1;109;2;1;D05;B;3;2;0.032690000000000;792.422470000000000;0.326510000000000;;;;;0
2025;21;MA;6;1;108;2;1;D05;C;3;2;0.020700000000000;800.719070000000000;0.146580000000000;;;;;0
2025;21;MA;2;6;117413;2;1;D07;D;3;2;0.019310000000000;718.988660000000000;0.155370000000000;;;;;1
2025;21;MA;2;4;117492;2;1;D05;C;3;2;0.026450000000000;745.839840000000000;0.229700000000000;;;;;1
2025;21;MA;6;2;107;2;1;D07;D;3;2;0.021010000000000;781.676070000000000;0.106850000000000;;;;;0
2025;21;MA;6;3;106;2;1;D04;B;3;2;0.049380000000000;777.073610000000000;0.253070000000000;;;;;0
2025;21;MA;5;2;103;2;1;D07;A;3;2;0.027520000000000;877.882510000000000;0.217740000000000;;;;;0
2025;21;MA;8;2;110;2;1;D04;C;3;2;0.037940000000000;767.915850000000000;0.382170000000000;;;;;0
2025;21;MA;4;2;101;2;1;D04;B;3;2;0.042920000000000;757.706190000000000;0.288350000000000;;;;;0
2025;21;MA;8;1;50;2;1;D05;B;3;2;0.028950000000000;720.539160000000000;0.283350000000000;;;;;0
2025;21;MA;10;1;112;2;1;D08;D;3;2;0.021430000000000;769.054250000000000;0.092610000000000;;;;;0
2025;21;MA;9;3;114;2;1;D07;A;3;2;0.022170000000000;789.594270000000000;0.169930000000000;;;;;0
2025;21;MA;10;2;116;2;1;D07;A;3;2;0.015180000000000;832.720630000000000;0.217060000000000;;;;;0
2025;21;MA;12;1;45;2;1;D09;;2;3;0.030480000000000;;;651.904690000000000;665.005440000000000;678.556590000000000;704.794170000000000;0
2025;21;MA;13;1;46;2;1;D09;;2;3;0.026680000000000;;;645.876620000000000;659.051530000000000;675.925460000000000;720.990360000000000;0
2025;21;MA;11;1;44;2;1;D09;;2;3;0.024000000000000;;;616.825630000000000;628.656750000000000;639.560150000000000;674.821330000000000;0
2025;21;MA;11;2;47;2;1;D09;;2;3;0.025870000000000;;;656.503030000000000;678.340590000000000;713.415830000000000;775.011000000000000;0
2025;21;MA;11;9;43;2;1;D10;;1;3;0.048640000000000;;;753.141660000000000;787.741190000000000;;;0
2025;21;MA;12;9;43;2;1;D10;;1;3;0.048640000000000;;;753.141660000000000;787.741190000000000;;;0
2025;21;MA;7;2;118;2;1;D08;A;3;2;0.031150000000000;806.443990000000000;0.227770000000000;;;;;0
2025;21;MA;3;8;117416;2;1;D01;A;3;2;0.023300000000000;649.756400000000000;0.115840000000000;;;;;1
2025;21;MA;4;1;120;2;1;D06;A;3;2;0.034520000000000;812.624970000000000;0.266300000000000;;;;;0
2025;21;MA;3;7;124;2;1;D03;B;3;2;0.023830000000000;610.352750000000000;0.216640000000000;;;;;0
2025;21;MA;6;4;128;2;1;D08;C;3;2;0.031010000000000;774.944480000000000;0.181010000000000;;;;;0
2025;21;MA;12;8;42;2;1;D10;;1;3;0.058870000000000;;;752.170000000000000;783.424210000000000;821.988520000000000;;0
2025;21;MA;11;8;42;2;1;D10;;1;3;0.058870000000000;;;752.170000000000000;783.424210000000000;821.988520000000000;;0
2025;21;MA;13;8;42;2;1;D10;;1;3;0.058870000000000;;;752.170000000000000;783.424210000000000;821.988520000000000;;0
2025;21;MA;11;7;41;2;1;D10;;1;3;0.035070000000000;;;815.175600000000000;860.819820000000000;896.695340000000000;;0
2025;21;MA;13;9;43;2;1;D10;;1;3;0.048640000000000;;;753.141660000000000;787.741190000000000;;;0
2025;21;MA;12;7;41;2;1;D10;;1;3;0.035070000000000;;;815.175600000000000;860.819820000000000;896.695340000000000;;0
2025;21;MA;13;7;41;2;1;D10;;1;3;0.035070000000000;;;815.175600000000000;860.819820000000000;896.695340000000000;;0
2025;21;MA;12;6;40;2;1;D10;;1;3;0.044570000000000;;;746.278270000000000;817.226390000000000;;;0
2025;21;MA;13;6;40;2;1;D10;;1;3;0.044570000000000;;;746.278270000000000;817.226390000000000;;;0
2025;21;MA;13;2;48;2;1;D09;;2;3;0.030370000000000;;;669.641060000000000;683.344980000000000;704.271960000000000;759.531490000000000;0
2025;21;MA;11;6;40;2;1;D10;;1;3;0.044570000000000;;;746.278270000000000;817.226390000000000;;;0
2025;21;MA;9;1;49;2;1;D05;A;3;2;0.034790000000000;769.705970000000000;0.225090000000000;;;;;0
2025;21;MA;11;5;39;2;1;D10;;1;3;0.043350000000000;;;730.939990000000000;780.119460000000000;;;0
2025;21;MA;12;5;39;2;1;D10;;1;3;0.043350000000000;;;730.939990000000000;780.119460000000000;;;0
2025;21;MA;13;5;39;2;1;D10;;1;3;0.043350000000000;;;730.939990000000000;780.119460000000000;;;0
2025;21;MA;3;2;117534;2;1;D01;B;3;2;0.019800000000000;613.221470000000000;0.187240000000000;;;;;1
2025;21;MA;9;4;100;2;1;D06;C;3;2;0.040860000000000;799.849530000000000;0.220340000000000;;;;;0
2025;21;MA;11;4;38;2;1;D10;;1;3;0.059160000000000;;;745.946910000000000;791.661750000000000;847.681060000000000;;0
2025;21;MA;13;4;38;2;1;D10;;1;3;0.059160000000000;;;745.946910000000000;791.661750000000000;847.681060000000000;;0
2025;21;MA;5;3;102;2;1;D04;C;3;2;0.034800000000000;794.355080000000000;0.209920000000000;;;;;0
2025;21;MA;12;4;38;2;1;D10;;1;3;0.059160000000000;;;745.946910000000000;791.661750000000000;847.681060000000000;;0
2025;21;MA;11;3;37;2;1;D10;;1;3;0.063170000000000;;;741.099110000000000;782.490400000000000;;;0
2025;21;MA;4;3;105;2;1;D08;A;3;2;0.025120000000000;781.363580000000000;0.223580000000000;;;;;0
2025;21;MA;12;3;37;2;1;D10;;1;3;0.063170000000000;;;741.099110000000000;782.490400000000000;;;0
2025;21;MA;5;1;104;2;1;D05;B;3;2;0.040220000000000;776.357970000000000;0.369890000000000;;;;;0
2025;21;MA;13;3;37;2;1;D10;;1;3;0.063170000000000;;;741.099110000000000;782.490400000000000;;;0
2025;21;MA;12;2;36;2;1;D09;;2;3;0.030100000000000;;;674.078000000000000;691.058300000000000;723.730180000000000;789.991170000000000;0
2025;21;MA;9;2;35;2;1;D04;D;3;2;0.057700000000000;730.272150000000000;0.216090000000000;;;;;0
2025;21;MA;7;3;34;2;1;D04;C;3;2;0.056700000000000;777.750120000000000;0.239440000000000;;;;;0
2025;22;PI;3;1;117535;2;1;D02;D;3;2;0.039590000000000;659.808770000000000;0.064480000000000;;;;;1
2025;22;PI;3;6;117512;2;1;D06;D;3;2;0.020010000000000;814.223440000000000;0.111010000000000;;;;;1
2025;22;PI;3;5;117496;2;1;D01;C;3;2;0.033710000000000;651.362080000000000;0.086780000000000;;;;;1
2025;22;PI;2;4;117492;2;1;D05;C;3;2;0.026450000000000;745.839840000000000;0.229700000000000;;;;;1
2025;22;PI;1;1;117484;2;1;D02;B;3;2;0.029850000000000;618.713900000000000;0.106600000000000;;;;;1
2025;22;PI;3;3;117482;2;1;D05;D;3;2;0.034380000000000;751.669690000000000;0.175800000000000;;;;;1
2025;22;PI;1;4;117478;2;1;D02;C;3;2;0.043120000000000;657.772590000000000;0.112290000000000;;;;;1
2025;22;PI;1;5;117443;2;1;D08;D;3;2;0.031330000000000;717.888460000000000;0.149420000000000;;;;;1
2025;22;PI;2;8;117434;2;1;D03;B;3;2;0.055460000000000;708.748630000000000;0.378710000000000;;;;;1
2025;22;PI;2;6;117413;2;1;D07;D;3;2;0.018620000000000;729.037980000000000;0.177290000000000;;;;;1
2025;22;PI;2;1;117351;2;1;D02;A;3;2;0.034980000000000;632.421980000000000;0.107470000000000;;;;;1
2025;22;PI;6;1;128;2;1;D08;B;3;2;0.031820000000000;840.670850000000000;0.382490000000000;;;;;0
2025;22;PI;2;7;117353;2;1;D01;C;3;2;0.035120000000000;684.711150000000000;0.214000000000000;;;;;1
2025;22;PI;5;1;127;2;1;D08;C;3;2;0.032230000000000;769.574470000000000;0.170980000000000;;;;;0
2025;22;PI;4;1;126;2;1;D08;D;3;2;0.034660000000000;766.048330000000000;0.148950000000000;;;;;0
2025;22;PI;4;3;124;2;1;D04;A;3;2;0.041560000000000;797.831380000000000;0.227730000000000;;;;;0
2025;22;PI;1;8;117442;2;1;D03;B;3;2;0.040230000000000;679.382170000000000;0.325150000000000;;;;;1
2025;22;PI;3;7;122;2;1;D03;B;3;2;0.026160000000000;612.536590000000000;0.195890000000000;;;;;0
2025;22;PI;6;2;120;2;1;D04;C;3;2;0.030990000000000;782.748780000000000;0.204650000000000;;;;;0
2025;22;PI;1;7;117472;2;1;D02;D;3;2;0.046610000000000;654.806690000000000;0.076510000000000;;;;;1
2025;22;PI;6;4;117;2;1;D06;B;3;2;0.031550000000000;806.573550000000000;0.367400000000000;;;;;0
2025;22;PI;4;4;116;2;1;D06;B;3;2;0.043150000000000;787.221620000000000;0.310000000000000;;;;;0
2025;22;PI;7;2;114;2;1;D08;A;3;2;0.029980000000000;796.667780000000000;0.230210000000000;;;;;0
2025;22;PI;3;2;117534;2;1;D01;B;3;2;0.019800000000000;613.221470000000000;0.187240000000000;;;;;1
2025;22;PI;10;2;112;2;1;D07;A;3;2;0.013170000000000;837.176860000000000;0.200340000000000;;;;;0
2025;22;PI;2;2;117411;2;1;D01;B;3;2;0.025230000000000;623.313180000000000;0.106540000000000;;;;;1
2025;22;PI;2;3;117537;2;1;D03;C;3;2;0.071710000000000;698.435290000000000;0.264330000000000;;;;;1
2025;22;PI;9;3;110;2;1;D07;A;3;2;0.022600000000000;782.878000000000000;0.169070000000000;;;;;0
2025;22;PI;7;4;109;2;1;D07;A;3;2;0.022860000000000;745.942480000000000;0.173880000000000;;;;;0
2025;22;PI;10;1;108;2;1;D08;D;3;2;0.021670000000000;760.934400000000000;0.117960000000000;;;;;0
2025;22;PI;8;3;107;2;1;D06;A;3;2;0.041550000000000;766.313560000000000;0.256570000000000;;;;;0
2025;22;PI;5;2;103;2;1;D07;D;3;2;0.020330000000000;791.315760000000000;0.134350000000000;;;;;0
2025;22;PI;5;3;104;2;1;D05;C;3;2;0.020300000000000;786.251300000000000;0.148370000000000;;;;;0
2025;22;PI;9;4;100;2;1;D06;C;3;2;0.036870000000000;798.207450000000000;0.234530000000000;;;;;0
2025;22;PI;10;3;111;2;1;D04;D;3;2;0.042250000000000;781.910120000000000;0.183180000000000;;;;;0
2025;22;PI;10;4;113;2;1;D06;A;3;2;0.031760000000000;755.845660000000000;0.194030000000000;;;;;0
2025;22;PI;8;1;50;2;1;D05;B;3;2;0.031100000000000;708.594080000000000;0.235480000000000;;;;;0
2025;22;PI;11;2;47;2;1;D09;;2;3;0.027480000000000;;;662.004130000000000;683.335290000000000;718.009120000000000;770.604060000000000;0
2025;22;PI;8;4;115;2;1;D08;D;3;2;0.028090000000000;772.484520000000000;0.120060000000000;;;;;0
2025;22;PI;12;1;45;2;1;D09;;2;3;0.034030000000000;;;654.057430000000000;666.920410000000000;676.378240000000000;700.292680000000000;0
2025;22;PI;11;1;44;2;1;D09;;2;3;0.026020000000000;;;629.897660000000000;638.244740000000000;644.900940000000000;673.695150000000000;0
2025;22;PI;11;9;43;2;1;D10;;1;3;0.048240000000000;;;749.101860000000000;787.887980000000000;;;0
2025;22;PI;1;2;117474;2;1;D01;C;3;2;0.027600000000000;676.112640000000000;0.083530000000000;;;;;1
2025;22;PI;1;3;121;2;1;D03;A;3;2;0.029230000000000;608.791450000000000;0.205320000000000;;;;;0
2025;22;PI;1;6;123;2;1;D01;B;3;2;0.024730000000000;820.494730000000000;0.301330000000000;;;;;0
2025;22;PI;3;8;117416;2;1;D01;A;3;2;0.023300000000000;649.756400000000000;0.115840000000000;;;;;1
2025;22;PI;4;2;125;2;1;D07;A;3;2;0.031230000000000;751.691860000000000;0.286750000000000;;;;;0
2025;22;PI;3;4;117404;2;1;D02;A;3;2;0.050980000000000;664.132130000000000;0.316640000000000;;;;;1
2025;22;PI;2;5;117350;2;1;D02;A;3;2;0.035970000000000;631.354300000000000;0.106530000000000;;;;;1
2025;22;PI;13;9;43;2;1;D10;;1;3;0.048240000000000;;;749.101860000000000;787.887980000000000;;;0
2025;22;PI;11;8;42;2;1;D10;;1;3;0.057990000000000;;;757.196780000000000;786.891600000000000;824.864870000000000;;0
2025;22;PI;12;8;42;2;1;D10;;1;3;0.057990000000000;;;757.196780000000000;786.891600000000000;824.864870000000000;;0
2025;22;PI;13;8;42;2;1;D10;;1;3;0.057990000000000;;;757.196780000000000;786.891600000000000;824.864870000000000;;0
2025;22;PI;11;7;41;2;1;D10;;1;3;0.036390000000000;;;803.965510000000000;851.861780000000000;882.369810000000000;;0
2025;22;PI;12;7;41;2;1;D10;;1;3;0.036390000000000;;;803.965510000000000;851.861780000000000;882.369810000000000;;0
2025;22;PI;12;9;43;2;1;D10;;1;3;0.048240000000000;;;749.101860000000000;787.887980000000000;;;0
2025;22;PI;13;7;41;2;1;D10;;1;3;0.036390000000000;;;803.965510000000000;851.861780000000000;882.369810000000000;;0
2025;22;PI;11;6;40;2;1;D10;;1;3;0.046110000000000;;;751.940860000000000;823.344050000000000;;;0
2025;22;PI;13;1;46;2;1;D09;;2;3;0.028430000000000;;;642.333490000000000;655.140570000000000;669.078690000000000;721.374430000000000;0
2025;22;PI;13;6;40;2;1;D10;;1;3;0.046110000000000;;;751.940860000000000;823.344050000000000;;;0
2025;22;PI;13;2;48;2;1;D09;;2;3;0.033080000000000;;;669.893800000000000;682.415070000000000;705.279150000000000;761.314120000000000;0
2025;22;PI;12;6;40;2;1;D10;;1;3;0.046110000000000;;;751.940860000000000;823.344050000000000;;;0
2025;22;PI;11;5;39;2;1;D10;;1;3;0.036700000000000;;;738.334650000000000;790.406760000000000;;;0
2025;22;PI;12;5;39;2;1;D10;;1;3;0.036700000000000;;;738.334650000000000;790.406760000000000;;;0
2025;22;PI;13;5;39;2;1;D10;;1;3;0.036700000000000;;;738.334650000000000;790.406760000000000;;;0
2025;22;PI;9;1;49;2;1;D05;A;3;2;0.036490000000000;758.445070000000000;0.207710000000000;;;;;0
2025;22;PI;11;4;38;2;1;D10;;1;3;0.051000000000000;;;738.489920000000000;777.435120000000000;837.553370000000000;;0
2025;22;PI;12;4;38;2;1;D10;;1;3;0.051000000000000;;;738.489920000000000;777.435120000000000;837.553370000000000;;0
2025;22;PI;13;4;38;2;1;D10;;1;3;0.051000000000000;;;738.489920000000000;777.435120000000000;837.553370000000000;;0
2025;22;PI;7;1;105;2;1;D05;B;3;2;0.024910000000000;781.461400000000000;0.249790000000000;;;;;0
2025;22;PI;11;3;37;2;1;D10;;1;3;0.053040000000000;;;737.592040000000000;785.672490000000000;;;0
2025;22;PI;12;3;37;2;1;D10;;1;3;0.053040000000000;;;737.592040000000000;785.672490000000000;;;0
2025;22;PI;8;2;106;2;1;D04;C;3;2;0.034950000000000;761.352910000000000;0.352040000000000;;;;;0
2025;22;PI;13;3;37;2;1;D10;;1;3;0.053040000000000;;;737.592040000000000;785.672490000000000;;;0
2025;22;PI;12;2;36;2;1;D09;;2;3;0.032080000000000;;;671.875430000000000;689.079430000000000;720.212240000000000;783.619690000000000;0
2025;22;PI;9;2;35;2;1;D04;D;3;2;0.052720000000000;723.222670000000000;0.207280000000000;;;;;0
2025;22;PI;5;4;102;2;1;D04;B;3;2;0.047350000000000;768.398310000000000;0.242370000000000;;;;;0
2025;22;PI;7;3;34;2;1;D04;C;3;2;0.051620000000000;775.100000000000000;0.227540000000000;;;;;0
2025;22;PI;6;3;101;2;1;D05;C;3;2;0.057080000000000;758.809950000000000;0.235210000000000;;;;;0
2025;23;CE;2;3;117537;2;1;D03;C;3;2;0.071710000000000;698.435290000000000;0.264330000000000;;;;;1
2025;23;CE;3;2;117534;2;1;D01;B;3;2;0.019800000000000;613.221470000000000;0.187240000000000;;;;;1
2025;23;CE;1;1;117484;2;1;D02;B;3;2;0.029850000000000;618.713900000000000;0.106600000000000;;;;;1
2025;23;CE;1;5;117443;2;1;D08;D;3;2;0.031330000000000;717.888460000000000;0.149420000000000;;;;;1
2025;23;CE;1;7;117472;2;1;D02;D;3;2;0.046610000000000;654.806690000000000;0.076510000000000;;;;;1
2025;23;CE;1;8;117442;2;1;D03;B;3;2;0.040230000000000;679.382170000000000;0.325150000000000;;;;;1
2025;23;CE;3;8;117416;2;1;D01;A;3;2;0.023300000000000;649.756400000000000;0.115840000000000;;;;;1
2025;23;CE;2;6;117413;2;1;D07;D;3;2;0.022440000000000;730.521040000000000;0.177480000000000;;;;;1
2025;23;CE;2;7;117353;2;1;D01;C;3;2;0.035120000000000;684.711150000000000;0.214000000000000;;;;;1
2025;23;CE;2;1;117351;2;1;D02;A;3;2;0.034980000000000;632.421980000000000;0.107470000000000;;;;;1
2025;23;CE;2;5;117350;2;1;D02;A;3;2;0.035970000000000;631.354300000000000;0.106530000000000;;;;;1
2025;23;CE;2;4;117492;2;1;D05;C;3;2;0.027570000000000;715.649870000000000;0.208640000000000;;;;;1
2025;23;CE;4;3;128;2;1;D05;C;3;2;0.031240000000000;770.776770000000000;0.166260000000000;;;;;0
2025;23;CE;4;4;127;2;1;D08;B;3;2;0.016630000000000;772.174650000000000;0.191880000000000;;;;;0
2025;23;CE;5;1;125;2;1;D08;B;3;2;0.027890000000000;738.258460000000000;0.217550000000000;;;;;0
2025;23;CE;2;8;117434;2;1;D03;B;3;2;0.055460000000000;708.748630000000000;0.378710000000000;;;;;1
2025;23;CE;1;6;123;2;1;D01;B;3;2;0.027230000000000;789.407270000000000;0.273780000000000;;;;;0
2025;23;CE;3;7;121;2;1;D03;B;3;2;0.029250000000000;623.811760000000000;0.196600000000000;;;;;0
2025;23;CE;1;3;120;2;1;D03;A;3;2;0.029410000000000;603.982230000000000;0.195840000000000;;;;;0
2025;23;CE;1;4;117478;2;1;D02;C;3;2;0.043120000000000;657.772590000000000;0.112290000000000;;;;;1
2025;23;CE;5;2;119;2;1;D04;A;3;2;0.037900000000000;772.019110000000000;0.281230000000000;;;;;0
2025;23;CE;4;2;117;2;1;D08;A;3;2;0.018850000000000;776.259660000000000;0.244560000000000;;;;;0
2025;23;CE;6;2;116;2;1;D05;D;3;2;0.065320000000000;730.851980000000000;0.164800000000000;;;;;0
2025;23;CE;6;4;113;2;1;D04;B;3;2;0.044050000000000;791.113560000000000;0.299720000000000;;;;;0
2025;23;CE;8;4;111;2;1;D08;D;3;2;0.029800000000000;759.762550000000000;0.114330000000000;;;;;0
2025;23;CE;3;3;117482;2;1;D05;D;3;2;0.034380000000000;751.669690000000000;0.175800000000000;;;;;1
2025;23;CE;7;2;110;2;1;D08;A;3;2;0.035650000000000;784.545530000000000;0.245970000000000;;;;;0
2025;23;CE;10;4;109;2;1;D06;A;3;2;0.035680000000000;752.991970000000000;0.219600000000000;;;;;0
2025;23;CE;10;2;108;2;1;D07;A;3;2;0.021540000000000;819.797230000000000;0.278620000000000;;;;;0
2025;23;CE;7;4;105;2;1;D07;A;3;2;0.022290000000000;744.356340000000000;0.181590000000000;;;;;0
2025;23;CE;8;3;103;2;1;D06;A;3;2;0.040270000000000;756.032900000000000;0.203190000000000;;;;;0
2025;23;CE;8;2;102;2;1;D04;C;3;2;0.038290000000000;757.481750000000000;0.349960000000000;;;;;0
2025;23;CE;7;1;101;2;1;D05;B;3;2;0.027200000000000;769.684580000000000;0.266950000000000;;;;;0
2025;23;CE;3;1;117535;2;1;D02;D;3;2;0.039590000000000;659.808770000000000;0.064480000000000;;;;;1
2025;23;CE;4;1;112;2;1;D06;C;3;2;0.039270000000000;742.143640000000000;0.237130000000000;;;;;0
2025;23;CE;3;6;117512;2;1;D06;D;3;2;0.020010000000000;814.223440000000000;0.111010000000000;;;;;1
2025;23;CE;3;5;117496;2;1;D01;C;3;2;0.033710000000000;651.362080000000000;0.086780000000000;;;;;1
2025;23;CE;6;1;118;2;1;D07;A;3;2;0.045690000000000;770.155470000000000;0.269140000000000;;;;;0
2025;23;CE;8;1;50;2;1;D05;B;3;2;0.034140000000000;705.588730000000000;0.220140000000000;;;;;0
2025;23;CE;9;1;49;2;1;D05;A;3;2;0.038690000000000;744.632380000000000;0.194450000000000;;;;;0
2025;23;CE;13;2;48;2;1;D09;;2;3;0.031040000000000;;;658.796770000000000;673.064340000000000;697.098380000000000;756.772930000000000;0
2025;23;CE;11;2;47;2;1;D09;;2;3;0.025820000000000;;;645.340460000000000;666.038330000000000;706.092480000000000;772.111270000000000;0
2025;23;CE;12;1;45;2;1;D09;;2;3;0.028490000000000;;;636.571830000000000;648.712420000000000;661.533800000000000;691.443140000000000;0
2025;23;CE;11;1;44;2;1;D09;;2;3;0.026270000000000;;;616.085320000000000;624.829080000000000;634.730060000000000;670.250900000000000;0
2025;23;CE;3;4;117404;2;1;D02;A;3;2;0.050980000000000;664.132130000000000;0.316640000000000;;;;;1
2025;23;CE;1;2;117474;2;1;D01;C;3;2;0.027600000000000;676.112640000000000;0.083530000000000;;;;;1
2025;23;CE;5;4;122;2;1;D06;X;3;2;;;;;;;;0
2025;23;CE;2;2;117411;2;1;D01;B;3;2;0.025230000000000;623.313180000000000;0.106540000000000;;;;;1
2025;23;CE;6;3;124;2;1;D06;A;3;2;0.050840000000000;727.968060000000000;0.269180000000000;;;;;0
2025;23;CE;5;3;126;2;1;D05;C;3;2;0.050420000000000;724.679450000000000;0.226990000000000;;;;;0
2025;23;CE;12;9;43;2;1;D10;;1;3;0.035140000000000;;;732.623920000000000;793.623290000000000;;;0
2025;23;CE;11;8;42;2;1;D10;;1;3;0.037700000000000;;;743.392020000000000;781.085580000000000;838.436540000000000;;0
2025;23;CE;12;8;42;2;1;D10;;1;3;0.037700000000000;;;743.392020000000000;781.085580000000000;838.436540000000000;;0
2025;23;CE;13;8;42;2;1;D10;;1;3;0.037700000000000;;;743.392020000000000;781.085580000000000;838.436540000000000;;0
2025;23;CE;11;7;41;2;1;D10;;1;3;0.030690000000000;;;805.411830000000000;864.597650000000000;894.460040000000000;;0
2025;23;CE;13;9;43;2;1;D10;;1;3;0.035140000000000;;;732.623920000000000;793.623290000000000;;;0
2025;23;CE;12;7;41;2;1;D10;;1;3;0.030690000000000;;;805.411830000000000;864.597650000000000;894.460040000000000;;0
2025;23;CE;13;7;41;2;1;D10;;1;3;0.030690000000000;;;805.411830000000000;864.597650000000000;894.460040000000000;;0
2025;23;CE;11;6;40;2;1;D10;;1;3;0.035110000000000;;;739.281910000000000;836.911660000000000;;;0
2025;23;CE;12;6;40;2;1;D10;;1;3;0.035110000000000;;;739.281910000000000;836.911660000000000;;;0
2025;23;CE;11;9;43;2;1;D10;;1;3;0.035140000000000;;;732.623920000000000;793.623290000000000;;;0
2025;23;CE;13;1;46;2;1;D09;;2;3;0.023140000000000;;;622.715460000000000;633.637290000000000;649.256640000000000;706.157110000000000;0
2025;23;CE;13;6;40;2;1;D10;;1;3;0.035110000000000;;;739.281910000000000;836.911660000000000;;;0
2025;23;CE;11;5;39;2;1;D10;;1;3;0.025910000000000;;;705.550940000000000;795.067430000000000;;;0
2025;23;CE;12;5;39;2;1;D10;;1;3;0.025910000000000;;;705.550940000000000;795.067430000000000;;;0
2025;23;CE;13;5;39;2;1;D10;;1;3;0.025910000000000;;;705.550940000000000;795.067430000000000;;;0
2025;23;CE;9;4;100;2;1;D06;C;3;2;0.041260000000000;783.465070000000000;0.220160000000000;;;;;0
2025;23;CE;11;4;38;2;1;D10;;1;3;0.035990000000000;;;717.040090000000000;780.667850000000000;897.712430000000000;;0
2025;23;CE;12;4;38;2;1;D10;;1;3;0.035990000000000;;;717.040090000000000;780.667850000000000;897.712430000000000;;0
2025;23;CE;10;1;104;2;1;D08;D;3;2;0.021810000000000;752.746200000000000;0.098020000000000;;;;;0
2025;23;CE;13;4;38;2;1;D10;;1;3;0.035990000000000;;;717.040090000000000;780.667850000000000;897.712430000000000;;0
2025;23;CE;9;3;106;2;1;D07;A;3;2;0.024900000000000;774.102710000000000;0.165280000000000;;;;;0
2025;23;CE;11;3;37;2;1;D10;;1;3;0.039430000000000;;;717.817240000000000;780.932070000000000;;;0
2025;23;CE;12;3;37;2;1;D10;;1;3;0.039430000000000;;;717.817240000000000;780.932070000000000;;;0
2025;23;CE;13;3;37;2;1;D10;;1;3;0.039430000000000;;;717.817240000000000;780.932070000000000;;;0
2025;23;CE;12;2;36;2;1;D09;;2;3;0.030230000000000;;;658.125660000000000;675.758160000000000;715.701490000000000;782.920330000000000;0
2025;23;CE;10;3;107;2;1;D04;D;3;2;0.039480000000000;776.148630000000000;0.164490000000000;;;;;0
2025;23;CE;9;2;35;2;1;D04;D;3;2;0.054650000000000;722.300720000000000;0.241190000000000;;;;;0
2025;23;CE;7;3;34;2;1;D04;C;3;2;0.052470000000000;767.004630000000000;0.231990000000000;;;;;0
2025;24;RN;2;3;117537;2;1;D03;C;3;2;0.071710000000000;698.435290000000000;0.264330000000000;;;;;1
2025;24;RN;3;1;117535;2;1;D02;D;3;2;0.039590000000000;659.808770000000000;0.064480000000000;;;;;1
2025;24;RN;3;2;117534;2;1;D01;B;3;2;0.019800000000000;613.221470000000000;0.187240000000000;;;;;1
2025;24;RN;3;6;117512;2;1;D06;D;3;2;0.020010000000000;814.223440000000000;0.111010000000000;;;;;1
2025;24;RN;3;5;117496;2;1;D01;C;3;2;0.033710000000000;651.362080000000000;0.086780000000000;;;;;1
2025;24;RN;2;4;117492;2;1;D05;C;3;2;0.026450000000000;745.839840000000000;0.229700000000000;;;;;1
2025;24;RN;3;3;117482;2;1;D05;D;3;2;0.034380000000000;751.669690000000000;0.175800000000000;;;;;1
2025;24;RN;1;2;117474;2;1;D01;C;3;2;0.027600000000000;676.112640000000000;0.083530000000000;;;;;1
2025;24;RN;1;4;117478;2;1;D02;C;3;2;0.043120000000000;657.772590000000000;0.112290000000000;;;;;1
2025;24;RN;3;8;117416;2;1;D01;A;3;2;0.023300000000000;649.756400000000000;0.115840000000000;;;;;1
2025;24;RN;2;8;117434;2;1;D03;B;3;2;0.055460000000000;708.748630000000000;0.378710000000000;;;;;1
2025;24;RN;3;4;117404;2;1;D02;A;3;2;0.050980000000000;664.132130000000000;0.316640000000000;;;;;1
2025;24;RN;2;7;117353;2;1;D01;C;3;2;0.035120000000000;684.711150000000000;0.214000000000000;;;;;1
2025;24;RN;2;5;117350;2;1;D02;A;3;2;0.035970000000000;631.354300000000000;0.106530000000000;;;;;1
2025;24;RN;4;4;135;2;1;D05;C;3;2;0.022980000000000;782.789550000000000;0.141890000000000;;;;;0
2025;24;RN;6;4;133;2;1;D04;C;3;2;0.049550000000000;800.930500000000000;0.135010000000000;;;;;0
2025;24;RN;1;6;131;2;1;D01;B;3;2;0.022050000000000;826.459110000000000;0.263290000000000;;;;;0
2025;24;RN;1;3;129;2;1;D03;A;3;2;0.028490000000000;607.089950000000000;0.218750000000000;;;;;0
2025;24;RN;6;1;128;2;1;D07;D;3;2;0.049620000000000;768.022020000000000;0.121520000000000;;;;;0
2025;24;RN;4;1;127;2;1;D07;A;3;2;0.062980000000000;777.221510000000000;0.314850000000000;;;;;0
2025;24;RN;5;1;125;2;1;D07;D;3;2;0.022490000000000;797.274810000000000;0.100170000000000;;;;;0
2025;24;RN;5;3;122;2;1;D05;B;3;2;0.048220000000000;741.242960000000000;0.345490000000000;;;;;0
2025;24;RN;9;2;121;2;1;D04;D;3;2;0.030970000000000;792.087820000000000;0.129190000000000;;;;;0
2025;24;RN;10;2;120;2;1;D07;B;3;2;0.020340000000000;780.293600000000000;0.230830000000000;;;;;0
2025;24;RN;2;1;117351;2;1;D02;A;3;2;0.034980000000000;632.421980000000000;0.107470000000000;;;;;1
2025;24;RN;7;3;119;2;1;D04;B;3;2;0.037930000000000;770.831300000000000;0.364000000000000;;;;;0
2025;24;RN;8;2;118;2;1;D04;C;3;2;0.056630000000000;797.976520000000000;0.159150000000000;;;;;0
2025;24;RN;9;4;117;2;1;D06;B;3;2;0.033090000000000;752.040570000000000;0.330490000000000;;;;;0
2025;24;RN;9;1;115;2;1;D05;B;3;2;0.048500000000000;745.977490000000000;0.320490000000000;;;;;0
2025;24;RN;1;8;117442;2;1;D03;B;3;2;0.040230000000000;679.382170000000000;0.325150000000000;;;;;1
2025;24;RN;10;1;116;2;1;D08;B;3;2;0.044470000000000;798.282670000000000;0.340170000000000;;;;;0
2025;24;RN;1;5;117443;2;1;D08;D;3;2;0.031330000000000;717.888460000000000;0.149420000000000;;;;;1
2025;24;RN;8;4;114;2;1;D08;D;3;2;0.039300000000000;778.686620000000000;0.118120000000000;;;;;0
2025;24;RN;7;4;113;2;1;D07;D;3;2;0.041130000000000;787.863800000000000;0.157780000000000;;;;;0
2025;24;RN;9;3;112;2;1;D07;A;3;2;0.036360000000000;753.971510000000000;0.228420000000000;;;;;0
2025;24;RN;7;2;111;2;1;D08;C;3;2;0.044080000000000;773.210130000000000;0.141250000000000;;;;;0
2025;24;RN;2;6;117413;2;1;D07;X;3;2;;;;;;;;1
2025;24;RN;1;7;117472;2;1;D02;D;3;2;0.046610000000000;654.806690000000000;0.076510000000000;;;;;1
2025;24;RN;8;1;110;2;1;D05;D;3;2;0.060070000000000;741.420230000000000;0.152170000000000;;;;;0
2025;24;RN;8;3;109;2;1;D06;B;3;2;0.051620000000000;757.352830000000000;0.305880000000000;;;;;0
2025;24;RN;5;4;134;2;1;D08;C;3;2;0.037310000000000;781.335070000000000;0.186830000000000;;;;;0
2025;24;RN;6;3;126;2;1;D08;A;3;2;0.024550000000000;797.898320000000000;0.276740000000000;;;;;0
2025;24;RN;3;7;130;2;1;D03;B;3;2;0.027530000000000;621.533560000000000;0.219910000000000;;;;;0
2025;24;RN;10;4;108;2;1;D06;C;3;2;0.024910000000000;825.704210000000000;0.205590000000000;;;;;0
2025;24;RN;4;2;107;2;1;D06;C;3;2;0.036030000000000;748.227660000000000;0.164480000000000;;;;;0
2025;24;RN;5;2;106;2;1;D06;B;3;2;0.033900000000000;728.870180000000000;0.322010000000000;;;;;0
2025;24;RN;6;2;105;2;1;D05;C;3;2;0.050680000000000;739.963830000000000;0.175080000000000;;;;;0
2025;24;RN;4;3;132;2;1;D04;A;3;2;0.050990000000000;805.313830000000000;0.280630000000000;;;;;0
2025;24;RN;10;3;50;2;1;D04;C;3;2;0.081070000000000;763.755550000000000;0.223290000000000;;;;;0
2025;24;RN;13;2;46;2;1;D09;;2;3;0.038330000000000;;;681.867400000000000;695.942580000000000;709.515250000000000;743.466600000000000;0
2025;24;RN;11;2;45;2;1;D09;;2;3;0.039690000000000;;;672.081960000000000;688.945460000000000;705.821960000000000;739.687440000000000;0
2025;24;RN;2;2;117411;2;1;D01;B;3;2;0.025230000000000;623.313180000000000;0.106540000000000;;;;;1
2025;24;RN;11;9;41;2;1;D10;;1;3;0.048180000000000;;;724.699350000000000;766.696910000000000;;;0
2025;24;RN;12;9;41;2;1;D10;;1;3;0.048180000000000;;;724.699350000000000;766.696910000000000;;;0
2025;24;RN;12;8;40;2;1;D10;;1;3;0.075490000000000;;;734.701190000000000;762.962370000000000;789.868890000000000;;0
2025;24;RN;13;8;40;2;1;D10;;1;3;0.075490000000000;;;734.701190000000000;762.962370000000000;789.868890000000000;;0
2025;24;RN;11;7;39;2;1;D10;;1;3;0.033760000000000;;;794.959990000000000;820.678100000000000;848.650020000000000;;0
2025;24;RN;11;8;40;2;1;D10;;1;3;0.075490000000000;;;734.701190000000000;762.962370000000000;789.868890000000000;;0
2025;24;RN;12;7;39;2;1;D10;;1;3;0.033760000000000;;;794.959990000000000;820.678100000000000;848.650020000000000;;0
2025;24;RN;13;7;39;2;1;D10;;1;3;0.033760000000000;;;794.959990000000000;820.678100000000000;848.650020000000000;;0
2025;24;RN;11;6;38;2;1;D10;;1;3;0.045100000000000;;;729.781710000000000;803.443710000000000;;;0
2025;24;RN;12;6;38;2;1;D10;;1;3;0.045100000000000;;;729.781710000000000;803.443710000000000;;;0
2025;24;RN;13;9;41;2;1;D10;;1;3;0.048180000000000;;;724.699350000000000;766.696910000000000;;;0
2025;24;RN;13;6;38;2;1;D10;;1;3;0.045100000000000;;;729.781710000000000;803.443710000000000;;;0
2025;24;RN;12;5;37;2;1;D10;;1;3;0.036240000000000;;;714.936320000000000;765.194060000000000;;;0
2025;24;RN;1;1;117484;2;1;D02;B;3;2;0.029850000000000;618.713900000000000;0.106600000000000;;;;;1
2025;24;RN;13;5;37;2;1;D10;;1;3;0.036240000000000;;;714.936320000000000;765.194060000000000;;;0
2025;24;RN;11;5;37;2;1;D10;;1;3;0.036240000000000;;;714.936320000000000;765.194060000000000;;;0
2025;24;RN;11;4;36;2;1;D10;;1;3;0.072740000000000;;;725.937910000000000;766.807590000000000;800.289400000000000;;0
2025;24;RN;12;1;44;2;1;D09;;2;3;0.036120000000000;;;655.694970000000000;669.895440000000000;683.675470000000000;716.419530000000000;0
2025;24;RN;7;1;49;2;1;D05;C;3;2;0.028770000000000;775.541820000000000;0.153370000000000;;;;;0
2025;24;RN;12;4;36;2;1;D10;;1;3;0.072740000000000;;;725.937910000000000;766.807590000000000;800.289400000000000;;0
2025;24;RN;13;4;36;2;1;D10;;1;3;0.072740000000000;;;725.937910000000000;766.807590000000000;800.289400000000000;;0
2025;24;RN;12;3;35;2;1;D10;;1;3;0.075880000000000;;;730.040380000000000;780.201280000000000;;;0
2025;24;RN;11;3;35;2;1;D10;;1;3;0.075880000000000;;;730.040380000000000;780.201280000000000;;;0
2025;24;RN;13;3;35;2;1;D10;;1;3;0.075880000000000;;;730.040380000000000;780.201280000000000;;;0
2025;24;RN;12;2;34;2;1;D09;;2;3;0.042850000000000;;;668.706240000000000;680.877310000000000;694.282420000000000;743.191520000000000;0
2025;24;RN;13;1;43;2;1;D09;;2;3;0.037820000000000;;;656.555450000000000;672.531940000000000;692.073360000000000;717.326010000000000;0
2025;24;RN;11;1;42;2;1;D09;;2;3;0.031570000000000;;;646.667930000000000;658.548510000000000;675.898380000000000;707.848090000000000;0
2025;25;PB;2;3;117537;2;1;D03;C;3;2;0.071710000000000;698.435290000000000;0.264330000000000;;;;;1
2025;25;PB;3;1;117535;2;1;D02;D;3;2;0.039590000000000;659.808770000000000;0.064480000000000;;;;;1
2025;25;PB;3;2;117534;2;1;D01;B;3;2;0.019800000000000;613.221470000000000;0.187240000000000;;;;;1
2025;25;PB;3;6;117512;2;1;D06;D;3;2;0.020010000000000;814.223440000000000;0.111010000000000;;;;;1
2025;25;PB;3;5;117496;2;1;D01;C;3;2;0.033710000000000;651.362080000000000;0.086780000000000;;;;;1
2025;25;PB;1;1;117484;2;1;D02;B;3;2;0.029850000000000;618.713900000000000;0.106600000000000;;;;;1
2025;25;PB;3;3;117482;2;1;D05;D;3;2;0.034380000000000;751.669690000000000;0.175800000000000;;;;;1
2025;25;PB;1;4;117478;2;1;D02;C;3;2;0.043120000000000;657.772590000000000;0.112290000000000;;;;;1
2025;25;PB;1;2;117474;2;1;D01;C;3;2;0.027600000000000;676.112640000000000;0.083530000000000;;;;;1
2025;25;PB;1;8;117442;2;1;D03;B;3;2;0.040230000000000;679.382170000000000;0.325150000000000;;;;;1
2025;25;PB;2;6;117413;2;1;D07;D;3;2;0.015520000000000;716.735460000000000;0.158610000000000;;;;;1
2025;25;PB;3;8;117416;2;1;D01;A;3;2;0.023300000000000;649.756400000000000;0.115840000000000;;;;;1
2025;25;PB;2;2;117411;2;1;D01;B;3;2;0.025230000000000;623.313180000000000;0.106540000000000;;;;;1
2025;25;PB;2;1;117351;2;1;D02;A;3;2;0.034980000000000;632.421980000000000;0.107470000000000;;;;;1
2025;25;PB;2;5;117350;2;1;D02;A;3;2;0.035970000000000;631.354300000000000;0.106530000000000;;;;;1
2025;25;PB;6;4;128;2;1;D08;B;3;2;0.028270000000000;833.642460000000000;0.347330000000000;;;;;0
2025;25;PB;3;7;124;2;1;D03;B;3;2;0.029030000000000;625.214790000000000;0.212360000000000;;;;;0
2025;25;PB;1;6;125;2;1;D01;B;3;2;0.017660000000000;822.820950000000000;0.260010000000000;;;;;0
2025;25;PB;6;1;122;2;1;D07;D;3;2;0.041940000000000;778.577410000000000;0.168950000000000;;;;;0
2025;25;PB;4;1;121;2;1;D07;A;3;2;0.044010000000000;775.095150000000000;0.266320000000000;;;;;0
2025;25;PB;5;2;119;2;1;D04;C;3;2;0.031680000000000;786.359730000000000;0.194430000000000;;;;;0
2025;25;PB;6;3;127;2;1;D04;B;3;2;0.044360000000000;780.771230000000000;0.289580000000000;;;;;0
2025;25;PB;8;4;115;2;1;D08;D;3;2;0.029110000000000;773.572860000000000;0.123190000000000;;;;;0
2025;25;PB;10;4;113;2;1;D06;A;3;2;0.035680000000000;763.127900000000000;0.234590000000000;;;;;0
2025;25;PB;1;3;123;2;1;D03;A;3;2;0.030990000000000;615.431280000000000;0.212050000000000;;;;;0
2025;25;PB;10;2;112;2;1;D07;A;3;2;0.011830000000000;837.278570000000000;0.200830000000000;;;;;0
2025;25;PB;10;3;111;2;1;D04;D;3;2;0.045650000000000;781.520100000000000;0.182550000000000;;;;;0
2025;25;PB;7;4;109;2;1;D07;A;3;2;0.021530000000000;745.813670000000000;0.185010000000000;;;;;0
2025;25;PB;10;1;108;2;1;D08;D;3;2;0.022990000000000;771.133230000000000;0.120460000000000;;;;;0
2025;25;PB;8;3;107;2;1;D06;A;3;2;0.043700000000000;769.060780000000000;0.282610000000000;;;;;0
2025;25;PB;1;5;117443;2;1;D08;D;3;2;0.031330000000000;717.888460000000000;0.149420000000000;;;;;1
2025;25;PB;2;8;117434;2;1;D03;B;3;2;0.055460000000000;708.748630000000000;0.378710000000000;;;;;1
2025;25;PB;9;3;110;2;1;D07;A;3;2;0.021100000000000;790.093910000000000;0.174050000000000;;;;;0
2025;25;PB;8;2;106;2;1;D04;C;3;2;0.037720000000000;773.282810000000000;0.390830000000000;;;;;0
2025;25;PB;2;7;117353;2;1;D01;C;3;2;0.029330000000000;692.532220000000000;0.144000000000000;;;;;1
2025;25;PB;7;2;114;2;1;D08;A;3;2;0.033740000000000;806.188870000000000;0.251360000000000;;;;;0
2025;25;PB;1;7;117472;2;1;D02;D;3;2;0.046610000000000;654.806690000000000;0.076510000000000;;;;;1
2025;25;PB;7;1;105;2;1;D05;B;3;2;0.026640000000000;790.216340000000000;0.300880000000000;;;;;0
2025;25;PB;6;2;104;2;1;D05;C;3;2;0.054390000000000;754.996580000000000;0.187230000000000;;;;;0
2025;25;PB;5;4;103;2;1;D08;B;3;2;0.025940000000000;785.777170000000000;0.232720000000000;;;;;0
2025;25;PB;4;2;116;2;1;D05;B;3;2;0.040740000000000;762.595750000000000;0.339540000000000;;;;;0
2025;25;PB;5;3;126;2;1;D07;B;3;2;0.046180000000000;768.289190000000000;0.309070000000000;;;;;0
2025;25;PB;4;4;120;2;1;D08;A;3;2;0.018940000000000;793.663640000000000;0.227150000000000;;;;;0
2025;25;PB;9;4;102;2;1;D06;C;3;2;0.040990000000000;798.323360000000000;0.225410000000000;;;;;0
2025;25;PB;4;3;101;2;1;D06;B;3;2;0.020610000000000;794.662700000000000;0.229970000000000;;;;;0
2025;25;PB;8;1;50;2;1;D05;B;3;2;0.028920000000000;716.659750000000000;0.254820000000000;;;;;0
2025;25;PB;13;2;48;2;1;D09;;2;3;0.031570000000000;;;663.629940000000000;677.308940000000000;696.959890000000000;755.436530000000000;0
2025;25;PB;11;2;47;2;1;D09;;2;3;0.025880000000000;;;656.013100000000000;672.443560000000000;699.236790000000000;765.728780000000000;0
2025;25;PB;13;1;46;2;1;D09;;2;3;0.028550000000000;;;641.873760000000000;654.305880000000000;669.499900000000000;710.098980000000000;0
2025;25;PB;12;9;43;2;1;D10;;1;3;0.049680000000000;;;738.082090000000000;773.908020000000000;;;0
2025;25;PB;13;9;43;2;1;D10;;1;3;0.049680000000000;;;738.082090000000000;773.908020000000000;;;0
2025;25;PB;13;8;42;2;1;D10;;1;3;0.056260000000000;;;752.585980000000000;773.678540000000000;810.863510000000000;;0
2025;25;PB;11;7;41;2;1;D10;;1;3;0.035530000000000;;;814.549240000000000;856.025730000000000;890.626190000000000;;0
2025;25;PB;13;7;41;2;1;D10;;1;3;0.035530000000000;;;814.549240000000000;856.025730000000000;890.626190000000000;;0
2025;25;PB;11;6;40;2;1;D10;;1;3;0.044110000000000;;;738.449870000000000;812.210110000000000;;;0
2025;25;PB;13;6;40;2;1;D10;;1;3;0.044110000000000;;;738.449870000000000;812.210110000000000;;;0
2025;25;PB;13;5;39;2;1;D10;;1;3;0.038800000000000;;;721.604140000000000;768.792280000000000;;;0
2025;25;PB;12;5;39;2;1;D10;;1;3;0.038800000000000;;;721.604140000000000;768.792280000000000;;;0
2025;25;PB;11;5;39;2;1;D10;;1;3;0.038800000000000;;;721.604140000000000;768.792280000000000;;;0
2025;25;PB;12;7;41;2;1;D10;;1;3;0.035530000000000;;;814.549240000000000;856.025730000000000;890.626190000000000;;0
2025;25;PB;11;4;38;2;1;D10;;1;3;0.069920000000000;;;736.018450000000000;773.768230000000000;824.134610000000000;;0
2025;25;PB;12;8;42;2;1;D10;;1;3;0.056260000000000;;;752.585980000000000;773.678540000000000;810.863510000000000;;0
2025;25;PB;12;4;38;2;1;D10;;1;3;0.069920000000000;;;736.018450000000000;773.768230000000000;824.134610000000000;;0
2025;25;PB;13;4;38;2;1;D10;;1;3;0.069920000000000;;;736.018450000000000;773.768230000000000;824.134610000000000;;0
2025;25;PB;2;4;117492;2;1;D05;C;3;2;0.026450000000000;745.839840000000000;0.229700000000000;;;;;1
2025;25;PB;12;3;37;2;1;D10;;1;3;0.067110000000000;;;736.573400000000000;783.624170000000000;;;0
2025;25;PB;11;8;42;2;1;D10;;1;3;0.056260000000000;;;752.585980000000000;773.678540000000000;810.863510000000000;;0
2025;25;PB;13;3;37;2;1;D10;;1;3;0.067110000000000;;;736.573400000000000;783.624170000000000;;;0
2025;25;PB;11;9;43;2;1;D10;;1;3;0.049680000000000;;;738.082090000000000;773.908020000000000;;;0
2025;25;PB;11;3;37;2;1;D10;;1;3;0.067110000000000;;;736.573400000000000;783.624170000000000;;;0
2025;25;PB;12;2;36;2;1;D09;;2;3;0.035270000000000;;;675.629920000000000;692.010330000000000;720.268700000000000;784.244770000000000;0
2025;25;PB;9;2;35;2;1;D04;D;3;2;0.058590000000000;725.981140000000000;0.217130000000000;;;;;0
2025;25;PB;12;1;45;2;1;D09;;2;3;0.034550000000000;;;658.187060000000000;668.775200000000000;678.963560000000000;701.801600000000000;0
2025;25;PB;3;4;117404;2;1;D02;A;3;2;0.050980000000000;664.132130000000000;0.316640000000000;;;;;1
2025;25;PB;7;3;34;2;1;D04;C;3;2;0.057270000000000;780.778750000000000;0.243320000000000;;;;;0
2025;25;PB;12;6;40;2;1;D10;;1;3;0.044110000000000;;;738.449870000000000;812.210110000000000;;;0
2025;25;PB;11;1;44;2;1;D09;;2;3;0.025480000000000;;;624.552320000000000;634.189810000000000;642.140780000000000;669.269060000000000;0
2025;25;PB;9;1;49;2;1;D05;A;3;2;0.036440000000000;762.488650000000000;0.237700000000000;;;;;0
2025;25;PB;5;1;100;2;1;D06;B;3;2;0.030410000000000;721.346160000000000;0.286000000000000;;;;;0
2025;26;PE;2;4;117492;2;1;D05;C;3;2;0.026450000000000;745.839840000000000;0.229700000000000;;;;;1
2025;26;PE;1;1;117484;2;1;D02;B;3;2;0.029850000000000;618.713900000000000;0.106600000000000;;;;;1
2025;26;PE;3;3;117482;2;1;D05;D;3;2;0.034380000000000;751.669690000000000;0.175800000000000;;;;;1
2025;26;PE;1;2;117474;2;1;D01;C;3;2;0.027600000000000;676.112640000000000;0.083530000000000;;;;;1
2025;26;PE;1;7;117472;2;1;D02;D;3;2;0.046610000000000;654.806690000000000;0.076510000000000;;;;;1
2025;26;PE;1;5;117443;2;1;D08;D;3;2;0.031330000000000;717.888460000000000;0.149420000000000;;;;;1
2025;26;PE;2;8;117434;2;1;D03;B;3;2;0.055460000000000;708.748630000000000;0.378710000000000;;;;;1
2025;26;PE;3;8;117416;2;1;D01;A;3;2;0.023300000000000;649.756400000000000;0.115840000000000;;;;;1
2025;26;PE;2;6;117413;2;1;D07;D;3;2;0.018650000000000;728.263670000000000;0.160810000000000;;;;;1
2025;26;PE;2;2;117411;2;1;D01;B;3;2;0.025230000000000;623.313180000000000;0.106540000000000;;;;;1
2025;26;PE;3;4;117404;2;1;D02;A;3;2;0.050980000000000;664.132130000000000;0.316640000000000;;;;;1
2025;26;PE;2;7;117353;2;1;D01;C;3;2;0.023250000000000;694.678500000000000;0.147520000000000;;;;;1
2025;26;PE;2;1;117351;2;1;D02;A;3;2;0.034980000000000;632.421980000000000;0.107470000000000;;;;;1
2025;26;PE;4;4;135;2;1;D05;D;3;2;0.040840000000000;746.600800000000000;0.245200000000000;;;;;0
2025;26;PE;6;4;134;2;1;D08;B;3;2;0.028800000000000;831.474060000000000;0.368350000000000;;;;;0
2025;26;PE;5;4;133;2;1;D08;B;3;2;0.027650000000000;765.736080000000000;0.303190000000000;;;;;0
2025;26;PE;3;7;131;2;1;D03;B;3;2;0.022780000000000;607.116120000000000;0.225200000000000;;;;;0
2025;26;PE;1;3;130;2;1;D03;A;3;2;0.026750000000000;611.044070000000000;0.228900000000000;;;;;0
2025;26;PE;4;1;127;2;1;D06;A;3;2;0.031550000000000;797.453310000000000;0.327490000000000;;;;;0
2025;26;PE;10;3;125;2;1;D04;C;3;2;0.038340000000000;805.572850000000000;0.235340000000000;;;;;0
2025;26;PE;9;2;124;2;1;D04;B;3;2;0.023130000000000;736.385490000000000;0.333220000000000;;;;;0
2025;26;PE;7;3;123;2;1;D04;B;3;2;0.052790000000000;787.271160000000000;0.301310000000000;;;;;0
2025;26;PE;8;4;122;2;1;D08;A;3;2;0.035770000000000;802.511660000000000;0.218190000000000;;;;;0
2025;26;PE;7;2;121;2;1;D08;B;3;2;0.024250000000000;787.721170000000000;0.344440000000000;;;;;0
2025;26;PE;10;1;120;2;1;D08;B;3;2;0.026940000000000;750.658540000000000;0.294380000000000;;;;;0
2025;26;PE;9;4;119;2;1;D06;A;3;2;0.035510000000000;753.857730000000000;0.249830000000000;;;;;0
2025;26;PE;9;3;117;2;1;D07;D;3;2;0.039660000000000;769.174880000000000;0.199730000000000;;;;;0
2025;26;PE;8;1;116;2;1;D05;C;3;2;0.048160000000000;748.312820000000000;0.216670000000000;;;;;0
2025;26;PE;8;3;115;2;1;D06;B;3;2;0.048390000000000;758.306340000000000;0.294540000000000;;;;;0
2025;26;PE;8;2;114;2;1;D04;A;3;2;0.054210000000000;776.042270000000000;0.346980000000000;;;;;0
2025;26;PE;7;4;113;2;1;D07;D;3;2;0.035190000000000;837.324830000000000;0.201490000000000;;;;;0
2025;26;PE;9;1;112;2;1;D05;A;3;2;0.034900000000000;781.586050000000000;0.248580000000000;;;;;0
2025;26;PE;10;2;111;2;1;D07;A;3;2;0.041130000000000;835.518860000000000;0.264580000000000;;;;;0
2025;26;PE;10;4;118;2;1;D06;B;3;2;0.045840000000000;757.499840000000000;0.338160000000000;;;;;0
2025;26;PE;7;1;110;2;1;D05;A;3;2;0.047610000000000;744.664550000000000;0.285390000000000;;;;;0
2025;26;PE;6;1;109;2;1;D05;C;3;2;0.024120000000000;794.725240000000000;0.179810000000000;;;;;0
2025;26;PE;6;2;108;2;1;D07;D;3;2;0.020800000000000;787.888650000000000;0.174130000000000;;;;;0
2025;26;PE;6;3;107;2;1;D04;B;3;2;0.047000000000000;778.838930000000000;0.250030000000000;;;;;0
2025;26;PE;5;3;104;2;1;D04;C;3;2;0.031640000000000;793.094550000000000;0.198450000000000;;;;;0
2025;26;PE;4;3;103;2;1;D08;B;3;2;0.024010000000000;785.706160000000000;0.239200000000000;;;;;0
2025;26;PE;11;1;43;2;1;D09;;2;3;0.027980000000000;;;653.287400000000000;663.747380000000000;673.155280000000000;710.128220000000000;0
2025;26;PE;4;2;126;2;1;D04;D;3;2;0.037390000000000;866.972220000000000;0.179230000000000;;;;;0
2025;26;PE;12;1;44;2;1;D09;;2;3;0.030770000000000;;;660.194620000000000;676.472450000000000;692.456510000000000;741.753680000000000;0
2025;26;PE;12;8;41;2;1;D10;;1;3;0.076470000000000;;;758.124590000000000;782.146400000000000;812.330260000000000;;0
2025;26;PE;11;8;41;2;1;D10;;1;3;0.076470000000000;;;758.124590000000000;782.146400000000000;812.330260000000000;;0
2025;26;PE;13;8;41;2;1;D10;;1;3;0.076470000000000;;;758.124590000000000;782.146400000000000;812.330260000000000;;0
2025;26;PE;12;7;40;2;1;D10;;1;3;0.037960000000000;;;811.770060000000000;850.866080000000000;865.148080000000000;;0
2025;26;PE;11;6;39;2;1;D10;;1;3;0.054770000000000;;;753.476610000000000;817.338510000000000;;;0
2025;26;PE;13;6;39;2;1;D10;;1;3;0.054770000000000;;;753.476610000000000;817.338510000000000;;;0
2025;26;PE;12;6;39;2;1;D10;;1;3;0.054770000000000;;;753.476610000000000;817.338510000000000;;;0
2025;26;PE;1;6;132;2;1;D01;B;3;2;0.023760000000000;815.668790000000000;0.299880000000000;;;;;0
2025;26;PE;2;5;117350;2;1;D02;A;3;2;0.035970000000000;631.354300000000000;0.106530000000000;;;;;1
2025;26;PE;11;5;38;2;1;D10;;1;3;0.045710000000000;;;737.580730000000000;787.207050000000000;;;0
2025;26;PE;12;5;38;2;1;D10;;1;3;0.045710000000000;;;737.580730000000000;787.207050000000000;;;0
2025;26;PE;11;7;40;2;1;D10;;1;3;0.037960000000000;;;811.770060000000000;850.866080000000000;865.148080000000000;;0
2025;26;PE;13;5;38;2;1;D10;;1;3;0.045710000000000;;;737.580730000000000;787.207050000000000;;;0
2025;26;PE;13;4;37;2;1;D10;;1;3;0.073700000000000;;;748.983150000000000;781.045650000000000;821.242280000000000;;0
2025;26;PE;1;8;117442;2;1;D03;B;3;2;0.040230000000000;679.382170000000000;0.325150000000000;;;;;1
2025;26;PE;11;4;37;2;1;D10;;1;3;0.073700000000000;;;748.983150000000000;781.045650000000000;821.242280000000000;;0
2025;26;PE;13;9;42;2;1;D10;;1;3;0.054260000000000;;;753.856340000000000;787.033870000000000;;;0
2025;26;PE;12;4;37;2;1;D10;;1;3;0.073700000000000;;;748.983150000000000;781.045650000000000;821.242280000000000;;0
2025;26;PE;1;4;117478;2;1;D02;C;3;2;0.043120000000000;657.772590000000000;0.112290000000000;;;;;1
2025;26;PE;12;9;42;2;1;D10;;1;3;0.054260000000000;;;753.856340000000000;787.033870000000000;;;0
2025;26;PE;11;3;36;2;1;D10;;1;3;0.068140000000000;;;752.211370000000000;791.273050000000000;;;0
2025;26;PE;12;3;36;2;1;D10;;1;3;0.068140000000000;;;752.211370000000000;791.273050000000000;;;0
2025;26;PE;3;5;117496;2;1;D01;C;3;2;0.033710000000000;651.362080000000000;0.086780000000000;;;;;1
2025;26;PE;13;3;36;2;1;D10;;1;3;0.068140000000000;;;752.211370000000000;791.273050000000000;;;0
2025;26;PE;13;2;45;2;1;D09;;2;3;0.034530000000000;;;678.325600000000000;690.094600000000000;708.071710000000000;760.491150000000000;0
2025;26;PE;13;1;35;2;1;D09;;2;3;0.031070000000000;;;658.269420000000000;671.962930000000000;684.117540000000000;713.805050000000000;0
2025;26;PE;11;9;42;2;1;D10;;1;3;0.054260000000000;;;753.856340000000000;787.033870000000000;;;0
2025;26;PE;12;2;46;2;1;D09;;2;3;0.036620000000000;;;676.756000000000000;694.153090000000000;712.701940000000000;764.902520000000000;0
2025;26;PE;11;2;34;2;1;D09;;2;3;0.031570000000000;;;670.062900000000000;692.388990000000000;717.234700000000000;782.661220000000000;0
2025;26;PE;5;1;105;2;1;D07;A;3;2;0.042590000000000;878.744640000000000;0.230050000000000;;;;;0
2025;26;PE;5;2;106;2;1;D05;B;3;2;0.041310000000000;773.140330000000000;0.328800000000000;;;;;0
2025;26;PE;13;7;40;2;1;D10;;1;3;0.037960000000000;;;811.770060000000000;850.866080000000000;865.148080000000000;;0
2025;26;PE;2;3;117537;2;1;D03;C;3;2;0.071710000000000;698.435290000000000;0.264330000000000;;;;;1
2025;26;PE;3;1;117535;2;1;D02;D;3;2;0.039590000000000;659.808770000000000;0.064480000000000;;;;;1
2025;26;PE;3;2;117534;2;1;D01;B;3;2;0.019800000000000;613.221470000000000;0.187240000000000;;;;;1
2025;26;PE;3;6;117512;2;1;D06;D;3;2;0.020010000000000;814.223440000000000;0.111010000000000;;;;;1
2025;27;AL;2;3;117537;2;1;D03;C;3;2;0.071710000000000;698.435290000000000;0.264330000000000;;;;;1
2025;27;AL;3;1;117535;2;1;D02;D;3;2;0.039590000000000;659.808770000000000;0.064480000000000;;;;;1
2025;27;AL;3;2;117534;2;1;D01;B;3;2;0.019800000000000;613.221470000000000;0.187240000000000;;;;;1
2025;27;AL;3;5;117496;2;1;D01;C;3;2;0.033710000000000;651.362080000000000;0.086780000000000;;;;;1
2025;27;AL;2;4;117492;2;1;D05;C;3;2;0.026450000000000;745.839840000000000;0.229700000000000;;;;;1
2025;27;AL;1;1;117484;2;1;D02;B;3;2;0.029850000000000;618.713900000000000;0.106600000000000;;;;;1
2025;27;AL;1;4;117478;2;1;D02;C;3;2;0.043120000000000;657.772590000000000;0.112290000000000;;;;;1
2025;27;AL;1;2;117474;2;1;D01;C;3;2;0.027600000000000;676.112640000000000;0.083530000000000;;;;;1
2025;27;AL;1;7;117472;2;1;D02;D;3;2;0.046610000000000;654.806690000000000;0.076510000000000;;;;;1
2025;27;AL;1;8;117442;2;1;D03;B;3;2;0.040230000000000;679.382170000000000;0.325150000000000;;;;;1
2025;27;AL;2;8;117434;2;1;D03;B;3;2;0.055460000000000;708.748630000000000;0.378710000000000;;;;;1
2025;27;AL;3;8;117416;2;1;D01;A;3;2;0.023300000000000;649.756400000000000;0.115840000000000;;;;;1
2025;27;AL;2;6;117413;2;1;D07;D;3;2;0.022110000000000;729.475450000000000;0.185660000000000;;;;;1
2025;27;AL;2;2;117411;2;1;D01;B;3;2;0.025230000000000;623.313180000000000;0.106540000000000;;;;;1
2025;27;AL;3;4;117404;2;1;D02;A;3;2;0.050980000000000;664.132130000000000;0.316640000000000;;;;;1
2025;27;AL;2;7;117353;2;1;D01;C;3;2;0.035120000000000;684.711150000000000;0.214000000000000;;;;;1
2025;27;AL;2;5;117350;2;1;D02;A;3;2;0.035970000000000;631.354300000000000;0.106530000000000;;;;;1
2025;27;AL;5;4;135;2;1;D08;C;3;2;0.042620000000000;764.102970000000000;0.182790000000000;;;;;0
2025;27;AL;5;3;134;2;1;D07;C;3;2;0.048320000000000;777.822730000000000;0.201190000000000;;;;;0
2025;27;AL;4;4;132;2;1;D08;B;3;2;0.033220000000000;754.532030000000000;0.244720000000000;;;;;0
2025;27;AL;6;2;131;2;1;D07;B;3;2;0.054720000000000;761.442580000000000;0.345310000000000;;;;;0
2025;27;AL;1;6;130;2;1;D01;B;3;2;0.037440000000000;805.853550000000000;0.313830000000000;;;;;0
2025;27;AL;1;3;128;2;1;D03;A;3;2;0.029530000000000;615.539380000000000;0.226910000000000;;;;;0
2025;27;AL;6;3;127;2;1;D08;A;3;2;0.020570000000000;791.973490000000000;0.220820000000000;;;;;0
2025;27;AL;4;1;124;2;1;D06;A;3;2;0.040730000000000;800.747920000000000;0.285110000000000;;;;;0
2025;27;AL;10;3;123;2;1;D04;C;3;2;0.052900000000000;789.509360000000000;0.243000000000000;;;;;0
2025;27;AL;9;2;122;2;1;D04;B;3;2;0.024880000000000;717.433210000000000;0.246780000000000;;;;;0
2025;27;AL;7;3;121;2;1;D04;B;3;2;0.061950000000000;777.082690000000000;0.286510000000000;;;;;0
2025;27;AL;8;4;120;2;1;D08;A;3;2;0.050590000000000;793.466720000000000;0.246450000000000;;;;;0
2025;27;AL;10;1;118;2;1;D08;B;3;2;0.033140000000000;741.934070000000000;0.235420000000000;;;;;0
2025;27;AL;9;4;117;2;1;D06;A;3;2;0.042030000000000;750.180720000000000;0.269640000000000;;;;;0
2025;27;AL;10;4;116;2;1;D06;B;3;2;0.052300000000000;751.165700000000000;0.319610000000000;;;;;0
2025;27;AL;7;2;119;2;1;D08;B;3;2;0.028210000000000;773.180330000000000;0.332690000000000;;;;;0
2025;27;AL;9;3;115;2;1;D07;D;3;2;0.051320000000000;763.067040000000000;0.200000000000000;;;;;0
2025;27;AL;8;1;114;2;1;D05;C;3;2;0.059610000000000;746.376890000000000;0.192340000000000;;;;;0
2025;27;AL;8;3;113;2;1;D06;B;3;2;0.053140000000000;751.730230000000000;0.270600000000000;;;;;0
2025;27;AL;8;2;112;2;1;D04;A;3;2;0.078100000000000;769.832020000000000;0.368620000000000;;;;;0
2025;27;AL;7;4;111;2;1;D07;D;3;2;0.058620000000000;819.177790000000000;0.211410000000000;;;;;0
2025;27;AL;9;1;110;2;1;D05;A;3;2;0.043790000000000;781.068540000000000;0.301960000000000;;;;;0
2025;27;AL;10;2;109;2;1;D07;A;3;2;0.068950000000000;813.361090000000000;0.258280000000000;;;;;0
2025;27;AL;7;1;108;2;1;D05;A;3;2;0.054620000000000;737.841590000000000;0.250790000000000;;;;;0
2025;27;AL;5;1;107;2;1;D05;C;3;2;0.069030000000000;750.384400000000000;0.187670000000000;;;;;0
2025;27;AL;5;2;106;2;1;D04;B;3;2;0.049280000000000;747.364740000000000;0.254470000000000;;;;;0
2025;27;AL;4;2;105;2;1;D07;B;3;2;0.026890000000000;721.352090000000000;0.239590000000000;;;;;0
2025;27;AL;4;3;104;2;1;D05;C;3;2;0.047710000000000;740.311260000000000;0.205660000000000;;;;;0
2025;27;AL;3;7;129;2;1;D03;B;3;2;0.030920000000000;635.299980000000000;0.245310000000000;;;;;0
2025;27;AL;6;4;133;2;1;D04;C;3;2;0.055280000000000;774.859120000000000;0.217060000000000;;;;;0
2025;27;AL;6;1;103;2;1;D05;D;3;2;0.051240000000000;733.006660000000000;0.164100000000000;;;;;0
2025;27;AL;12;2;46;2;1;D09;;2;3;0.039770000000000;;;672.357220000000000;686.066630000000000;707.487430000000000;749.259180000000000;0
2025;27;AL;2;1;117351;2;1;D02;A;3;2;0.034980000000000;632.421980000000000;0.107470000000000;;;;;1
2025;27;AL;13;2;45;2;1;D09;;2;3;0.039130000000000;;;669.016460000000000;684.326520000000000;706.159080000000000;747.409180000000000;0
2025;27;AL;12;1;44;2;1;D09;;2;3;0.030260000000000;;;645.381300000000000;664.658030000000000;685.776330000000000;724.417150000000000;0
2025;27;AL;11;1;43;2;1;D09;;2;3;0.032180000000000;;;655.825280000000000;662.697160000000000;669.632710000000000;695.744230000000000;0
2025;27;AL;11;9;42;2;1;D10;;1;3;0.056070000000000;;;735.292640000000000;768.654180000000000;;;0
2025;27;AL;12;9;42;2;1;D10;;1;3;0.056070000000000;;;735.292640000000000;768.654180000000000;;;0
2025;27;AL;13;9;42;2;1;D10;;1;3;0.056070000000000;;;735.292640000000000;768.654180000000000;;;0
2025;27;AL;1;5;117443;2;1;D08;D;3;2;0.031330000000000;717.888460000000000;0.149420000000000;;;;;1
2025;27;AL;11;8;41;2;1;D10;;1;3;0.067380000000000;;;740.844980000000000;766.052500000000000;802.428600000000000;;0
2025;27;AL;12;8;41;2;1;D10;;1;3;0.067380000000000;;;740.844980000000000;766.052500000000000;802.428600000000000;;0
2025;27;AL;13;8;41;2;1;D10;;1;3;0.067380000000000;;;740.844980000000000;766.052500000000000;802.428600000000000;;0
2025;27;AL;11;7;40;2;1;D10;;1;3;0.043200000000000;;;798.441480000000000;837.334160000000000;860.777970000000000;;0
2025;27;AL;3;3;117482;2;1;D05;D;3;2;0.034380000000000;751.669690000000000;0.175800000000000;;;;;1
2025;27;AL;12;7;40;2;1;D10;;1;3;0.043200000000000;;;798.441480000000000;837.334160000000000;860.777970000000000;;0
2025;27;AL;13;7;40;2;1;D10;;1;3;0.043200000000000;;;798.441480000000000;837.334160000000000;860.777970000000000;;0
2025;27;AL;13;6;39;2;1;D10;;1;3;0.054330000000000;;;739.485190000000000;802.299110000000000;;;0
2025;27;AL;12;6;39;2;1;D10;;1;3;0.054330000000000;;;739.485190000000000;802.299110000000000;;;0
2025;27;AL;3;6;117512;2;1;D06;D;3;2;0.026980000000000;790.870050000000000;0.229140000000000;;;;;1
2025;27;AL;11;6;39;2;1;D10;;1;3;0.054330000000000;;;739.485190000000000;802.299110000000000;;;0
2025;27;AL;11;5;38;2;1;D10;;1;3;0.042810000000000;;;716.462470000000000;764.277720000000000;;;0
2025;27;AL;12;5;38;2;1;D10;;1;3;0.042810000000000;;;716.462470000000000;764.277720000000000;;;0
2025;27;AL;13;5;38;2;1;D10;;1;3;0.042810000000000;;;716.462470000000000;764.277720000000000;;;0
2025;27;AL;11;4;37;2;1;D10;;1;3;0.076700000000000;;;732.856030000000000;762.842700000000000;810.646470000000000;;0
2025;27;AL;12;4;37;2;1;D10;;1;3;0.076700000000000;;;732.856030000000000;762.842700000000000;810.646470000000000;;0
2025;27;AL;13;4;37;2;1;D10;;1;3;0.076700000000000;;;732.856030000000000;762.842700000000000;810.646470000000000;;0
2025;27;AL;11;3;36;2;1;D10;;1;3;0.074520000000000;;;735.968650000000000;772.655420000000000;;;0
2025;27;AL;12;3;36;2;1;D10;;1;3;0.074520000000000;;;735.968650000000000;772.655420000000000;;;0
2025;27;AL;13;3;36;2;1;D10;;1;3;0.074520000000000;;;735.968650000000000;772.655420000000000;;;0
2025;27;AL;13;1;35;2;1;D09;;2;3;0.036200000000000;;;651.018220000000000;663.489500000000000;675.601110000000000;700.668420000000000;0
2025;27;AL;11;2;34;2;1;D09;;2;3;0.034470000000000;;;669.561070000000000;683.389150000000000;707.892840000000000;769.333110000000000;0
2025;28;SE;2;3;117537;2;1;D03;C;3;2;0.071710000000000;698.435290000000000;0.264330000000000;;;;;1
2025;28;SE;3;1;117535;2;1;D02;D;3;2;0.039590000000000;659.808770000000000;0.064480000000000;;;;;1
2025;28;SE;3;6;117512;2;1;D06;D;3;2;0.020010000000000;814.223440000000000;0.111010000000000;;;;;1
2025;28;SE;3;5;117496;2;1;D01;C;3;2;0.033710000000000;651.362080000000000;0.086780000000000;;;;;1
2025;28;SE;2;4;117492;2;1;D05;C;3;2;0.026450000000000;745.839840000000000;0.229700000000000;;;;;1
2025;28;SE;3;3;117482;2;1;D05;D;3;2;0.034380000000000;751.669690000000000;0.175800000000000;;;;;1
2025;28;SE;1;4;117478;2;1;D02;C;3;2;0.043120000000000;657.772590000000000;0.112290000000000;;;;;1
2025;28;SE;1;2;117474;2;1;D01;C;3;2;0.027600000000000;676.112640000000000;0.083530000000000;;;;;1
2025;28;SE;1;5;117443;2;1;D08;D;3;2;0.031330000000000;717.888460000000000;0.149420000000000;;;;;1
2025;28;SE;1;8;117442;2;1;D03;B;3;2;0.040230000000000;679.382170000000000;0.325150000000000;;;;;1
2025;28;SE;2;8;117434;2;1;D03;B;3;2;0.055460000000000;708.748630000000000;0.378710000000000;;;;;1
2025;28;SE;3;8;117416;2;1;D01;A;3;2;0.023300000000000;649.756400000000000;0.115840000000000;;;;;1
2025;28;SE;2;6;117413;2;1;D07;D;3;2;0.020340000000000;745.314980000000000;0.167140000000000;;;;;1
2025;28;SE;2;2;117411;2;1;D01;B;3;2;0.025230000000000;623.313180000000000;0.106540000000000;;;;;1
2025;28;SE;3;4;117404;2;1;D02;A;3;2;0.050980000000000;664.132130000000000;0.316640000000000;;;;;1
2025;28;SE;2;1;117351;2;1;D02;A;3;2;0.034980000000000;632.421980000000000;0.107470000000000;;;;;1
2025;28;SE;2;5;117350;2;1;D02;A;3;2;0.035970000000000;631.354300000000000;0.106530000000000;;;;;1
2025;28;SE;4;1;128;2;1;D05;C;3;2;0.028140000000000;787.880430000000000;0.196150000000000;;;;;0
2025;28;SE;5;2;126;2;1;D05;D;3;2;0.081660000000000;734.690730000000000;0.179230000000000;;;;;0
2025;28;SE;6;3;125;2;1;D04;A;3;2;0.044440000000000;800.827360000000000;0.261110000000000;;;;;0
2025;28;SE;1;6;124;2;1;D01;B;3;2;0.027570000000000;838.548930000000000;0.296030000000000;;;;;0
2025;28;SE;1;3;122;2;1;D03;A;3;2;0.031260000000000;618.906310000000000;0.211880000000000;;;;;0
2025;28;SE;4;3;121;2;1;D07;D;3;2;0.049260000000000;774.345730000000000;0.157570000000000;;;;;0
2025;28;SE;5;1;120;2;1;D08;A;3;2;0.018790000000000;794.332280000000000;0.225940000000000;;;;;0
2025;28;SE;6;2;119;2;1;D06;A;3;2;0.044090000000000;736.075280000000000;0.292270000000000;;;;;0
2025;28;SE;4;4;116;2;1;D06;B;3;2;0.035520000000000;801.027320000000000;0.304540000000000;;;;;0
2025;28;SE;8;4;115;2;1;D08;D;3;2;0.039120000000000;771.140970000000000;0.138840000000000;;;;;0
2025;28;SE;7;2;114;2;1;D08;A;3;2;0.047720000000000;796.670070000000000;0.272650000000000;;;;;0
2025;28;SE;10;2;112;2;1;D07;A;3;2;0.014520000000000;822.580400000000000;0.193860000000000;;;;;0
2025;28;SE;10;3;111;2;1;D04;D;3;2;0.048420000000000;771.273670000000000;0.155680000000000;;;;;0
2025;28;SE;9;3;110;2;1;D07;A;3;2;0.026660000000000;776.329420000000000;0.186590000000000;;;;;0
2025;28;SE;7;4;109;2;1;D07;A;3;2;0.028510000000000;748.142880000000000;0.241100000000000;;;;;0
2025;28;SE;10;1;108;2;1;D08;D;3;2;0.037070000000000;761.166830000000000;0.134750000000000;;;;;0
2025;28;SE;8;3;107;2;1;D06;A;3;2;0.065160000000000;763.505600000000000;0.258340000000000;;;;;0
2025;28;SE;8;2;106;2;1;D04;C;3;2;0.044740000000000;771.507420000000000;0.371290000000000;;;;;0
2025;28;SE;10;4;113;2;1;D06;A;3;2;0.037650000000000;756.512160000000000;0.225060000000000;;;;;0
2025;28;SE;7;1;105;2;1;D05;B;3;2;0.032980000000000;791.503080000000000;0.307880000000000;;;;;0
2025;28;SE;4;2;104;2;1;D08;B;3;2;0.026520000000000;795.827880000000000;0.295380000000000;;;;;0
2025;28;SE;5;3;103;2;1;D07;B;3;2;0.046160000000000;755.333480000000000;0.299720000000000;;;;;0
2025;28;SE;5;4;102;2;1;D04;C;3;2;0.055650000000000;764.621060000000000;0.196560000000000;;;;;0
2025;28;SE;9;4;101;2;1;D06;C;3;2;0.041920000000000;794.809000000000000;0.222030000000000;;;;;0
2025;28;SE;6;4;100;2;1;D07;B;3;2;0.024870000000000;732.246080000000000;0.252880000000000;;;;;0
2025;28;SE;8;1;50;2;1;D05;B;3;2;0.038280000000000;724.739340000000000;0.279790000000000;;;;;0
2025;28;SE;9;1;49;2;1;D05;A;3;2;0.035950000000000;754.660820000000000;0.211790000000000;;;;;0
2025;28;SE;3;7;123;2;1;D03;B;3;2;0.029500000000000;635.513360000000000;0.226890000000000;;;;;0
2025;28;SE;6;1;127;2;1;D08;B;3;2;0.030220000000000;827.573140000000000;0.362100000000000;;;;;0
2025;28;SE;13;2;48;2;1;D09;;2;3;0.042610000000000;;;663.907280000000000;666.361840000000000;676.780830000000000;750.970880000000000;0
2025;28;SE;11;2;47;2;1;D09;;2;3;0.036860000000000;;;664.405520000000000;668.538910000000000;685.744710000000000;761.604100000000000;0
2025;28;SE;13;1;46;2;1;D09;;2;3;0.037890000000000;;;656.704430000000000;659.915150000000000;670.362380000000000;713.348510000000000;0
2025;28;SE;12;1;45;2;1;D09;;2;3;0.041530000000000;;;652.446990000000000;656.856480000000000;671.030000000000000;690.981790000000000;0
2025;28;SE;2;7;117353;2;1;D01;C;3;2;0.028380000000000;694.212820000000000;0.183520000000000;;;;;1
2025;28;SE;11;1;44;2;1;D09;;2;3;0.032600000000000;;;614.346780000000000;619.221220000000000;630.717820000000000;666.890890000000000;0
2025;28;SE;11;9;43;2;1;D10;;1;3;0.054250000000000;;;704.654260000000000;757.655810000000000;;;0
2025;28;SE;12;9;43;2;1;D10;;1;3;0.054250000000000;;;704.654260000000000;757.655810000000000;;;0
2025;28;SE;13;9;43;2;1;D10;;1;3;0.054250000000000;;;704.654260000000000;757.655810000000000;;;0
2025;28;SE;11;8;42;2;1;D10;;1;3;0.076120000000000;;;713.905520000000000;714.949590000000000;727.673410000000000;;0
2025;28;SE;12;8;42;2;1;D10;;1;3;0.076120000000000;;;713.905520000000000;714.949590000000000;727.673410000000000;;0
2025;28;SE;13;8;42;2;1;D10;;1;3;0.076120000000000;;;713.905520000000000;714.949590000000000;727.673410000000000;;0
2025;28;SE;11;7;41;2;1;D10;;1;3;0.032560000000000;;;797.142860000000000;841.314410000000000;851.459610000000000;;0
2025;28;SE;1;7;117472;2;1;D02;D;3;2;0.046610000000000;654.806690000000000;0.076510000000000;;;;;1
2025;28;SE;12;7;41;2;1;D10;;1;3;0.032560000000000;;;797.142860000000000;841.314410000000000;851.459610000000000;;0
2025;28;SE;13;7;41;2;1;D10;;1;3;0.032560000000000;;;797.142860000000000;841.314410000000000;851.459610000000000;;0
2025;28;SE;11;6;40;2;1;D10;;1;3;0.050480000000000;;;696.885190000000000;762.684540000000000;;;0
2025;28;SE;12;6;40;2;1;D10;;1;3;0.050480000000000;;;696.885190000000000;762.684540000000000;;;0
2025;28;SE;1;1;117484;2;1;D02;B;3;2;0.029850000000000;618.713900000000000;0.106600000000000;;;;;1
2025;28;SE;3;2;117534;2;1;D01;B;3;2;0.019800000000000;613.221470000000000;0.187240000000000;;;;;1
2025;28;SE;13;6;40;2;1;D10;;1;3;0.050480000000000;;;696.885190000000000;762.684540000000000;;;0
2025;28;SE;11;5;39;2;1;D10;;1;3;0.138870000000000;;;700.495620000000000;703.826990000000000;;;0
2025;28;SE;12;5;39;2;1;D10;;1;3;0.138870000000000;;;700.495620000000000;703.826990000000000;;;0
2025;28;SE;13;5;39;2;1;D10;;1;3;0.138870000000000;;;700.495620000000000;703.826990000000000;;;0
2025;28;SE;11;4;38;2;1;D10;;1;3;0.060960000000000;;;712.578430000000000;726.230110000000000;832.925960000000000;;0
2025;28;SE;12;4;38;2;1;D10;;1;3;0.060960000000000;;;712.578430000000000;726.230110000000000;832.925960000000000;;0
2025;28;SE;13;4;38;2;1;D10;;1;3;0.060960000000000;;;712.578430000000000;726.230110000000000;832.925960000000000;;0
2025;28;SE;11;3;37;2;1;D10;;1;3;0.128290000000000;;;710.163700000000000;716.230670000000000;;;0
2025;28;SE;12;3;37;2;1;D10;;1;3;0.128290000000000;;;710.163700000000000;716.230670000000000;;;0
2025;28;SE;13;3;37;2;1;D10;;1;3;0.128290000000000;;;710.163700000000000;716.230670000000000;;;0
2025;28;SE;12;2;36;2;1;D09;;2;3;0.043670000000000;;;670.949530000000000;675.345770000000000;685.219980000000000;770.381830000000000;0
2025;28;SE;9;2;35;2;1;D04;D;3;2;0.081130000000000;725.369690000000000;0.177090000000000;;;;;0
2025;28;SE;7;3;34;2;1;D04;C;3;2;0.063670000000000;771.326490000000000;0.200190000000000;;;;;0
2025;29;BA;2;3;117537;2;1;D03;C;3;2;0.071710000000000;698.435290000000000;0.264330000000000;;;;;1
2025;29;BA;3;2;117534;2;1;D01;B;3;2;0.019800000000000;613.221470000000000;0.187240000000000;;;;;1
2025;29;BA;3;6;117512;2;1;D06;D;3;2;0.020010000000000;814.223440000000000;0.111010000000000;;;;;1
2025;29;BA;3;5;117496;2;1;D01;C;3;2;0.029140000000000;667.657580000000000;0.090950000000000;;;;;1
2025;29;BA;1;1;117484;2;1;D02;B;3;2;0.029850000000000;618.713900000000000;0.106600000000000;;;;;1
2025;29;BA;3;3;117482;2;1;D05;D;3;2;0.034380000000000;751.669690000000000;0.175800000000000;;;;;1
2025;29;BA;1;4;117478;2;1;D02;C;3;2;0.043120000000000;657.772590000000000;0.112290000000000;;;;;1
2025;29;BA;1;7;117472;2;1;D02;D;3;2;0.046610000000000;654.806690000000000;0.076510000000000;;;;;1
2025;29;BA;1;5;117443;2;1;D08;D;3;2;0.031330000000000;717.888460000000000;0.149420000000000;;;;;1
2025;29;BA;1;8;117442;2;1;D03;B;3;2;0.040230000000000;679.382170000000000;0.325150000000000;;;;;1
2025;29;BA;2;8;117434;2;1;D03;B;3;2;0.055460000000000;708.748630000000000;0.378710000000000;;;;;1
2025;29;BA;3;8;117416;2;1;D01;A;3;2;0.023300000000000;649.756400000000000;0.115840000000000;;;;;1
2025;29;BA;2;6;117413;2;1;D07;D;3;2;0.016400000000000;713.199720000000000;0.106270000000000;;;;;1
2025;29;BA;2;2;117411;2;1;D01;B;3;2;0.025230000000000;623.313180000000000;0.106540000000000;;;;;1
2025;29;BA;2;7;117353;2;1;D01;C;3;2;0.024500000000000;698.455210000000000;0.115690000000000;;;;;1
2025;29;BA;2;1;117351;2;1;D02;A;3;2;0.034980000000000;632.421980000000000;0.107470000000000;;;;;1
2025;29;BA;2;5;117350;2;1;D02;A;3;2;0.035970000000000;631.354300000000000;0.106530000000000;;;;;1
2025;29;BA;5;4;134;2;1;D07;D;3;2;0.025500000000000;825.365730000000000;0.176560000000000;;;;;0
2025;29;BA;6;3;133;2;1;D04;A;3;2;0.046190000000000;797.050950000000000;0.267620000000000;;;;;0
2025;29;BA;1;6;132;2;1;D01;B;3;2;0.022470000000000;854.338310000000000;0.274650000000000;;;;;0
2025;29;BA;1;3;130;2;1;D03;A;3;2;0.029300000000000;609.639080000000000;0.214280000000000;;;;;0
2025;29;BA;5;1;129;2;1;D04;C;3;2;0.037200000000000;780.573310000000000;0.209190000000000;;;;;0
2025;29;BA;4;1;126;2;1;D06;A;3;2;0.027060000000000;800.025280000000000;0.289910000000000;;;;;0
2025;29;BA;4;2;125;2;1;D04;D;3;2;0.042430000000000;872.660970000000000;0.168990000000000;;;;;0
2025;29;BA;8;4;124;2;1;D08;D;3;2;0.033850000000000;770.380620000000000;0.142070000000000;;;;;0
2025;29;BA;7;2;123;2;1;D08;A;3;2;0.040390000000000;797.916560000000000;0.250230000000000;;;;;0
2025;29;BA;10;4;122;2;1;D06;A;3;2;0.045590000000000;760.274920000000000;0.285190000000000;;;;;0
2025;29;BA;10;3;120;2;1;D04;D;3;2;0.049330000000000;776.473990000000000;0.202540000000000;;;;;0
2025;29;BA;9;3;119;2;1;D07;A;3;2;0.024840000000000;777.578080000000000;0.201770000000000;;;;;0
2025;29;BA;7;4;118;2;1;D07;A;3;2;0.029750000000000;747.488400000000000;0.252070000000000;;;;;0
2025;29;BA;8;3;116;2;1;D06;A;3;2;0.054160000000000;763.624450000000000;0.269960000000000;;;;;0
2025;29;BA;8;2;115;2;1;D04;C;3;2;0.037150000000000;766.608600000000000;0.383200000000000;;;;;0
2025;29;BA;7;1;114;2;1;D05;B;3;2;0.032470000000000;784.887380000000000;0.314800000000000;;;;;0
2025;29;BA;10;1;117;2;1;D08;D;3;2;0.027800000000000;761.691650000000000;0.106330000000000;;;;;0
2025;29;BA;10;2;121;2;1;D07;A;3;2;0.013250000000000;833.472110000000000;0.230370000000000;;;;;0
2025;29;BA;9;4;113;2;1;D06;C;3;2;0.039520000000000;790.277620000000000;0.229350000000000;;;;;0
2025;29;BA;4;4;56;2;1;D07;A;3;2;0.048660000000000;833.633420000000000;0.275380000000000;;;;;0
2025;29;BA;6;4;55;2;1;D07;A;3;2;0.047680000000000;757.494870000000000;0.367710000000000;;;;;0
2025;29;BA;6;1;54;2;1;D06;B;3;2;0.058880000000000;760.453420000000000;0.364710000000000;;;;;0
2025;29;BA;5;2;53;2;1;D06;B;3;2;0.025930000000000;788.301250000000000;0.324690000000000;;;;;0
2025;29;BA;4;3;52;2;1;D05;D;3;2;0.065230000000000;763.127290000000000;0.180280000000000;;;;;0
2025;29;BA;5;3;51;2;1;D05;A;3;2;0.064870000000000;756.428100000000000;0.300330000000000;;;;;0
2025;29;BA;8;1;50;2;1;D05;B;3;2;0.031770000000000;723.034550000000000;0.290730000000000;;;;;0
2025;29;BA;3;7;131;2;1;D03;B;3;2;0.026320000000000;622.145670000000000;0.195530000000000;;;;;0
2025;29;BA;9;1;49;2;1;D05;A;3;2;0.037120000000000;763.114800000000000;0.255090000000000;;;;;0
2025;29;BA;13;2;48;2;1;D09;;2;3;0.036220000000000;;;666.539840000000000;678.284780000000000;698.424820000000000;749.086610000000000;0
2025;29;BA;11;2;47;2;1;D09;;2;3;0.031200000000000;;;660.575860000000000;676.830540000000000;706.635990000000000;771.051370000000000;0
2025;29;BA;13;1;46;2;1;D09;;2;3;0.031840000000000;;;651.353050000000000;661.868350000000000;674.119030000000000;707.133460000000000;0
2025;29;BA;6;2;135;2;1;D08;B;3;2;0.036230000000000;835.259530000000000;0.394650000000000;;;;;0
2025;29;BA;12;1;45;2;1;D09;;2;3;0.034340000000000;;;648.425650000000000;661.034830000000000;673.106550000000000;693.968720000000000;0
2025;29;BA;11;1;44;2;1;D09;;2;3;0.027530000000000;;;623.026220000000000;633.074380000000000;642.505050000000000;670.131910000000000;0
2025;29;BA;11;9;43;2;1;D10;;1;3;0.068390000000000;;;720.383460000000000;749.606760000000000;;;0
2025;29;BA;12;9;43;2;1;D10;;1;3;0.068390000000000;;;720.383460000000000;749.606760000000000;;;0
2025;29;BA;3;4;117404;2;1;D02;A;3;2;0.050980000000000;664.132130000000000;0.316640000000000;;;;;1
2025;29;BA;13;9;43;2;1;D10;;1;3;0.068390000000000;;;720.383460000000000;749.606760000000000;;;0
2025;29;BA;11;8;42;2;1;D10;;1;3;0.068400000000000;;;736.241120000000000;756.860710000000000;790.290650000000000;;0
2025;29;BA;12;8;42;2;1;D10;;1;3;0.068400000000000;;;736.241120000000000;756.860710000000000;790.290650000000000;;0
2025;29;BA;13;8;42;2;1;D10;;1;3;0.068400000000000;;;736.241120000000000;756.860710000000000;790.290650000000000;;0
2025;29;BA;11;7;41;2;1;D10;;1;3;0.040680000000000;;;792.680610000000000;831.503650000000000;855.421420000000000;;0
2025;29;BA;12;7;41;2;1;D10;;1;3;0.040680000000000;;;792.680610000000000;831.503650000000000;855.421420000000000;;0
2025;29;BA;13;7;41;2;1;D10;;1;3;0.040680000000000;;;792.680610000000000;831.503650000000000;855.421420000000000;;0
2025;29;BA;11;6;40;2;1;D10;;1;3;0.058420000000000;;;722.221810000000000;777.481260000000000;;;0
2025;29;BA;1;2;117474;2;1;D01;C;3;2;0.027600000000000;676.112640000000000;0.083530000000000;;;;;1
2025;29;BA;2;4;117492;2;1;D05;C;3;2;0.026450000000000;745.839840000000000;0.229700000000000;;;;;1
2025;29;BA;12;6;40;2;1;D10;;1;3;0.058420000000000;;;722.221810000000000;777.481260000000000;;;0
2025;29;BA;13;6;40;2;1;D10;;1;3;0.058420000000000;;;722.221810000000000;777.481260000000000;;;0
2025;29;BA;11;5;39;2;1;D10;;1;3;0.057680000000000;;;709.767270000000000;745.767270000000000;;;0
2025;29;BA;12;5;39;2;1;D10;;1;3;0.057680000000000;;;709.767270000000000;745.767270000000000;;;0
2025;29;BA;3;1;117535;2;1;D02;D;3;2;0.039590000000000;659.808770000000000;0.064480000000000;;;;;1
2025;29;BA;13;5;39;2;1;D10;;1;3;0.057680000000000;;;709.767270000000000;745.767270000000000;;;0
2025;29;BA;11;4;38;2;1;D10;;1;3;0.075860000000000;;;719.121580000000000;758.868350000000000;814.167370000000000;;0
2025;29;BA;12;4;38;2;1;D10;;1;3;0.075860000000000;;;719.121580000000000;758.868350000000000;814.167370000000000;;0
2025;29;BA;13;4;38;2;1;D10;;1;3;0.075860000000000;;;719.121580000000000;758.868350000000000;814.167370000000000;;0
2025;29;BA;11;3;37;2;1;D10;;1;3;0.080540000000000;;;718.010740000000000;745.866530000000000;;;0
2025;29;BA;12;3;37;2;1;D10;;1;3;0.080540000000000;;;718.010740000000000;745.866530000000000;;;0
2025;29;BA;13;3;37;2;1;D10;;1;3;0.080540000000000;;;718.010740000000000;745.866530000000000;;;0
2025;29;BA;12;2;36;2;1;D09;;2;3;0.035380000000000;;;664.991230000000000;680.469310000000000;709.727060000000000;774.094600000000000;0
2025;29;BA;9;2;35;2;1;D04;D;3;2;0.061630000000000;726.316380000000000;0.235200000000000;;;;;0
2025;29;BA;7;3;34;2;1;D04;C;3;2;0.061020000000000;773.250270000000000;0.213200000000000;;;;;0
2025;31;MG;3;1;117535;2;1;D02;D;3;2;0.039590000000000;659.808770000000000;0.064480000000000;;;;;1
2025;31;MG;3;2;117534;2;1;D01;B;3;2;0.019800000000000;613.221470000000000;0.187240000000000;;;;;1
2025;31;MG;3;6;117512;2;1;D06;D;3;2;0.020010000000000;814.223440000000000;0.111010000000000;;;;;1
2025;31;MG;2;4;117492;2;1;D05;C;3;2;0.026450000000000;745.839840000000000;0.229700000000000;;;;;1
2025;31;MG;1;1;117484;2;1;D02;B;3;2;0.029850000000000;618.713900000000000;0.106600000000000;;;;;1
2025;31;MG;3;3;117482;2;1;D05;D;3;2;0.034380000000000;751.669690000000000;0.175800000000000;;;;;1
2025;31;MG;1;2;117474;2;1;D01;C;3;2;0.020970000000000;685.678720000000000;0.099040000000000;;;;;1
2025;31;MG;1;7;117472;2;1;D02;D;3;2;0.046610000000000;654.806690000000000;0.076510000000000;;;;;1
2025;31;MG;1;5;117443;2;1;D08;D;3;2;0.031330000000000;717.888460000000000;0.149420000000000;;;;;1
2025;31;MG;1;8;117442;2;1;D03;B;3;2;0.040230000000000;679.382170000000000;0.325150000000000;;;;;1
2025;31;MG;2;8;117434;2;1;D03;B;3;2;0.055460000000000;708.748630000000000;0.378710000000000;;;;;1
2025;31;MG;3;8;117416;2;1;D01;A;3;2;0.023300000000000;649.756400000000000;0.115840000000000;;;;;1
2025;31;MG;2;6;117413;2;1;D07;D;3;2;0.015510000000000;728.718900000000000;0.107240000000000;;;;;1
2025;31;MG;3;4;117404;2;1;D02;A;3;2;0.050980000000000;664.132130000000000;0.316640000000000;;;;;1
2025;31;MG;2;7;117353;2;1;D01;C;3;2;0.035120000000000;684.711150000000000;0.214000000000000;;;;;1
2025;31;MG;2;1;117351;2;1;D02;A;3;2;0.034980000000000;632.421980000000000;0.107470000000000;;;;;1
2025;31;MG;6;1;135;2;1;D08;D;3;2;0.036980000000000;758.230710000000000;0.111750000000000;;;;;0
2025;31;MG;4;3;134;2;1;D08;B;3;2;0.025460000000000;736.010730000000000;0.169860000000000;;;;;0
2025;31;MG;5;4;133;2;1;D04;C;3;2;0.043900000000000;756.125030000000000;0.224520000000000;;;;;0
2025;31;MG;3;7;131;2;1;D03;B;3;2;0.031810000000000;634.577020000000000;0.193220000000000;;;;;0
2025;31;MG;1;3;130;2;1;D03;A;3;2;0.034380000000000;625.346250000000000;0.227890000000000;;;;;0
2025;31;MG;4;4;129;2;1;D06;B;3;2;0.032660000000000;797.601340000000000;0.276230000000000;;;;;0
2025;31;MG;5;3;128;2;1;D08;A;3;2;0.016630000000000;777.458570000000000;0.147850000000000;;;;;0
2025;31;MG;6;4;125;2;1;D04;A;3;2;0.048190000000000;729.218050000000000;0.286530000000000;;;;;0
2025;31;MG;9;2;124;2;1;D04;D;3;2;0.024760000000000;785.902510000000000;0.105310000000000;;;;;0
2025;31;MG;10;2;123;2;1;D07;B;3;2;0.017260000000000;776.053580000000000;0.185900000000000;;;;;0
2025;31;MG;8;2;121;2;1;D04;C;3;2;0.047530000000000;793.215570000000000;0.168420000000000;;;;;0
2025;31;MG;9;4;120;2;1;D06;B;3;2;0.030330000000000;732.767670000000000;0.252700000000000;;;;;0
2025;31;MG;10;1;119;2;1;D08;B;3;2;0.030970000000000;786.348330000000000;0.303860000000000;;;;;0
2025;31;MG;8;4;117;2;1;D08;D;3;2;0.028310000000000;772.185670000000000;0.088840000000000;;;;;0
2025;31;MG;7;4;116;2;1;D07;D;3;2;0.030890000000000;787.299930000000000;0.139220000000000;;;;;0
2025;31;MG;9;3;115;2;1;D07;A;3;2;0.025860000000000;738.805490000000000;0.124050000000000;;;;;0
2025;31;MG;9;1;118;2;1;D05;B;3;2;0.035850000000000;733.228050000000000;0.249380000000000;;;;;0
2025;31;MG;7;2;114;2;1;D08;C;3;2;0.040370000000000;763.505100000000000;0.138010000000000;;;;;0
2025;31;MG;8;1;113;2;1;D05;D;3;2;0.048120000000000;728.414140000000000;0.118360000000000;;;;;0
2025;31;MG;8;3;112;2;1;D06;B;3;2;0.051450000000000;749.155860000000000;0.287000000000000;;;;;0
2025;31;MG;10;4;111;2;1;D06;C;3;2;0.029330000000000;833.178170000000000;0.228490000000000;;;;;0
2025;31;MG;7;3;122;2;1;D04;B;3;2;0.035520000000000;755.802740000000000;0.328040000000000;;;;;0
2025;31;MG;4;1;110;2;1;D07;B;3;2;0.038560000000000;746.305320000000000;0.307990000000000;;;;;0
2025;31;MG;5;2;109;2;1;D06;C;3;2;0.037530000000000;750.527940000000000;0.153970000000000;;;;;0
2025;31;MG;5;1;108;2;1;D05;B;3;2;0.038220000000000;756.811020000000000;0.273380000000000;;;;;0
2025;31;MG;4;2;107;2;1;D04;C;3;2;0.047100000000000;758.716310000000000;0.183760000000000;;;;;0
2025;31;MG;6;2;106;2;1;D05;A;3;2;0.021070000000000;776.611280000000000;0.170280000000000;;;;;0
2025;31;MG;6;3;105;2;1;D06;D;3;2;0.053030000000000;760.730840000000000;0.141260000000000;;;;;0
2025;31;MG;1;6;132;2;1;D01;X;3;2;;;;;;;;0
2025;31;MG;10;3;50;2;1;D04;C;3;2;0.058130000000000;756.514770000000000;0.233230000000000;;;;;0
2025;31;MG;7;1;49;2;1;D05;C;3;2;0.026350000000000;760.103590000000000;0.121830000000000;;;;;0
2025;31;MG;2;5;117350;2;1;D02;A;3;2;0.035970000000000;631.354300000000000;0.106530000000000;;;;;1
2025;31;MG;13;2;46;2;1;D09;;2;3;0.036040000000000;;;675.895640000000000;689.718900000000000;707.845770000000000;747.947950000000000;0
2025;31;MG;11;2;45;2;1;D09;;2;3;0.042180000000000;;;668.437940000000000;684.085410000000000;702.969960000000000;733.870080000000000;0
2025;31;MG;12;1;44;2;1;D09;;2;3;0.034670000000000;;;649.512470000000000;661.505820000000000;675.598030000000000;717.219990000000000;0
2025;31;MG;13;1;43;2;1;D09;;2;3;0.036920000000000;;;654.090440000000000;665.739120000000000;682.290550000000000;716.599050000000000;0
2025;31;MG;2;2;117411;2;1;D01;B;3;2;0.025230000000000;623.313180000000000;0.106540000000000;;;;;1
2025;31;MG;11;1;42;2;1;D09;;2;3;0.032040000000000;;;645.369870000000000;654.473260000000000;667.737810000000000;710.720340000000000;0
2025;31;MG;13;9;41;2;1;D10;;1;3;0.051470000000000;;;729.641030000000000;770.020850000000000;;;0
2025;31;MG;11;9;41;2;1;D10;;1;3;0.051470000000000;;;729.641030000000000;770.020850000000000;;;0
2025;31;MG;12;9;41;2;1;D10;;1;3;0.051470000000000;;;729.641030000000000;770.020850000000000;;;0
2025;31;MG;11;8;40;2;1;D10;;1;3;0.055720000000000;;;728.411760000000000;757.745530000000000;800.667400000000000;;0
2025;31;MG;12;8;40;2;1;D10;;1;3;0.055720000000000;;;728.411760000000000;757.745530000000000;800.667400000000000;;0
2025;31;MG;13;8;40;2;1;D10;;1;3;0.055720000000000;;;728.411760000000000;757.745530000000000;800.667400000000000;;0
2025;31;MG;11;7;39;2;1;D10;;1;3;0.034250000000000;;;771.692430000000000;826.544070000000000;862.803210000000000;;0
2025;31;MG;1;4;117478;2;1;D02;C;3;2;0.043120000000000;657.772590000000000;0.112290000000000;;;;;1
2025;31;MG;12;7;39;2;1;D10;;1;3;0.034250000000000;;;771.692430000000000;826.544070000000000;862.803210000000000;;0
2025;31;MG;13;7;39;2;1;D10;;1;3;0.034250000000000;;;771.692430000000000;826.544070000000000;862.803210000000000;;0
2025;31;MG;3;5;117496;2;1;D01;C;3;2;0.033710000000000;651.362080000000000;0.086780000000000;;;;;1
2025;31;MG;11;6;38;2;1;D10;;1;3;0.052640000000000;;;728.178970000000000;799.302210000000000;;;0
2025;31;MG;12;6;38;2;1;D10;;1;3;0.052640000000000;;;728.178970000000000;799.302210000000000;;;0
2025;31;MG;2;3;117537;2;1;D03;C;3;2;0.071710000000000;698.435290000000000;0.264330000000000;;;;;1
2025;31;MG;13;6;38;2;1;D10;;1;3;0.052640000000000;;;728.178970000000000;799.302210000000000;;;0
2025;31;MG;13;5;37;2;1;D10;;1;3;0.040290000000000;;;707.634340000000000;755.108990000000000;;;0
2025;31;MG;12;5;37;2;1;D10;;1;3;0.040290000000000;;;707.634340000000000;755.108990000000000;;;0
2025;31;MG;11;5;37;2;1;D10;;1;3;0.040290000000000;;;707.634340000000000;755.108990000000000;;;0
2025;31;MG;11;4;36;2;1;D10;;1;3;0.058890000000000;;;720.607110000000000;764.750620000000000;826.049080000000000;;0
2025;31;MG;12;4;36;2;1;D10;;1;3;0.058890000000000;;;720.607110000000000;764.750620000000000;826.049080000000000;;0
2025;31;MG;13;4;36;2;1;D10;;1;3;0.058890000000000;;;720.607110000000000;764.750620000000000;826.049080000000000;;0
2025;31;MG;13;3;35;2;1;D10;;1;3;0.054740000000000;;;728.108900000000000;783.007840000000000;;;0
2025;31;MG;11;3;35;2;1;D10;;1;3;0.054740000000000;;;728.108900000000000;783.007840000000000;;;0
2025;31;MG;12;3;35;2;1;D10;;1;3;0.054740000000000;;;728.108900000000000;783.007840000000000;;;0
2025;31;MG;12;2;34;2;1;D09;;2;3;0.043210000000000;;;670.459760000000000;681.476630000000000;699.481860000000000;735.796750000000000;0
2025;32;ES;2;3;117537;2;1;D03;C;3;2;0.071710000000000;698.435290000000000;0.264330000000000;;;;;1
2025;32;ES;3;1;117535;2;1;D02;D;3;2;0.039590000000000;659.808770000000000;0.064480000000000;;;;;1
2025;32;ES;3;2;117534;2;1;D01;B;3;2;0.019800000000000;613.221470000000000;0.187240000000000;;;;;1
2025;32;ES;3;5;117496;2;1;D01;C;3;2;0.033710000000000;651.362080000000000;0.086780000000000;;;;;1
2025;32;ES;2;4;117492;2;1;D05;C;3;2;0.026450000000000;745.839840000000000;0.229700000000000;;;;;1
2025;32;ES;1;1;117484;2;1;D02;B;3;2;0.029850000000000;618.713900000000000;0.106600000000000;;;;;1
2025;32;ES;1;4;117478;2;1;D02;C;3;2;0.043120000000000;657.772590000000000;0.112290000000000;;;;;1
2025;32;ES;1;2;117474;2;1;D01;C;3;2;0.027600000000000;676.112640000000000;0.083530000000000;;;;;1
2025;32;ES;1;7;117472;2;1;D02;D;3;2;0.046610000000000;654.806690000000000;0.076510000000000;;;;;1
2025;32;ES;1;5;117443;2;1;D08;D;3;2;0.031330000000000;717.888460000000000;0.149420000000000;;;;;1
2025;32;ES;1;8;117442;2;1;D03;B;3;2;0.040230000000000;679.382170000000000;0.325150000000000;;;;;1
2025;32;ES;2;8;117434;2;1;D03;B;3;2;0.055460000000000;708.748630000000000;0.378710000000000;;;;;1
2025;32;ES;3;8;117416;2;1;D01;A;3;2;0.023300000000000;649.756400000000000;0.115840000000000;;;;;1
2025;32;ES;2;2;117411;2;1;D01;B;3;2;0.025230000000000;623.313180000000000;0.106540000000000;;;;;1
2025;32;ES;3;4;117404;2;1;D02;A;3;2;0.050980000000000;664.132130000000000;0.316640000000000;;;;;1
2025;32;ES;2;7;117353;2;1;D01;C;3;2;0.035120000000000;684.711150000000000;0.214000000000000;;;;;1
2025;32;ES;2;5;117350;2;1;D02;A;3;2;0.035970000000000;631.354300000000000;0.106530000000000;;;;;1
2025;32;ES;4;1;128;2;1;D05;C;3;2;0.059630000000000;736.426450000000000;0.256480000000000;;;;;0
2025;32;ES;6;3;127;2;1;D08;B;3;2;0.012940000000000;790.317640000000000;0.176830000000000;;;;;0
2025;32;ES;5;2;125;2;1;D08;C;3;2;0.031330000000000;775.812360000000000;0.220140000000000;;;;;0
2025;32;ES;4;4;124;2;1;D08;B;3;2;0.025110000000000;744.780120000000000;0.243470000000000;;;;;0
2025;32;ES;5;4;123;2;1;D06;C;3;2;0.030350000000000;799.193470000000000;0.217350000000000;;;;;0
2025;32;ES;6;4;122;2;1;D06;A;3;2;0.031220000000000;724.742930000000000;0.255020000000000;;;;;0
2025;32;ES;4;3;121;2;1;D06;C;3;2;0.030890000000000;776.292220000000000;0.223740000000000;;;;;0
2025;32;ES;1;6;120;2;1;D01;B;3;2;0.017600000000000;800.687550000000000;0.237640000000000;;;;;0
2025;32;ES;3;7;119;2;1;D03;B;3;2;0.025510000000000;624.831860000000000;0.195950000000000;;;;;0
2025;32;ES;6;2;117;2;1;D07;D;3;2;0.034160000000000;771.357030000000000;0.166490000000000;;;;;0
2025;32;ES;5;3;116;2;1;D04;A;3;2;0.041620000000000;847.225630000000000;0.239790000000000;;;;;0
2025;32;ES;5;1;115;2;1;D05;C;3;2;0.051990000000000;737.738740000000000;0.222260000000000;;;;;0
2025;32;ES;9;2;111;2;1;D04;D;3;2;0.026650000000000;789.994270000000000;0.182030000000000;;;;;0
2025;32;ES;10;2;110;2;1;D07;B;3;2;0.015470000000000;787.203120000000000;0.177370000000000;;;;;0
2025;32;ES;7;3;109;2;1;D04;B;3;2;0.032540000000000;761.130550000000000;0.331280000000000;;;;;0
2025;32;ES;6;1;112;2;1;D05;B;3;2;0.035160000000000;757.192980000000000;0.336190000000000;;;;;0
2025;32;ES;8;2;108;2;1;D04;C;3;2;0.039430000000000;797.106990000000000;0.185520000000000;;;;;0
2025;32;ES;9;4;107;2;1;D06;B;3;2;0.024030000000000;733.742990000000000;0.216570000000000;;;;;0
2025;32;ES;10;1;106;2;1;D08;B;3;2;0.024330000000000;794.501920000000000;0.295910000000000;;;;;0
2025;32;ES;9;1;105;2;1;D05;B;3;2;0.033310000000000;738.737600000000000;0.264170000000000;;;;;0
2025;32;ES;8;4;104;2;1;D08;D;3;2;0.026790000000000;775.063830000000000;0.159930000000000;;;;;0
2025;32;ES;7;4;103;2;1;D07;D;3;2;0.025590000000000;797.344690000000000;0.186080000000000;;;;;0
2025;32;ES;9;3;102;2;1;D07;A;3;2;0.024560000000000;753.186530000000000;0.209090000000000;;;;;0
2025;32;ES;7;2;101;2;1;D08;C;3;2;0.036070000000000;773.478970000000000;0.176300000000000;;;;;0
2025;32;ES;1;3;118;2;1;D03;A;3;2;0.023380000000000;601.664220000000000;0.195490000000000;;;;;0
2025;32;ES;8;1;100;2;1;D05;D;3;2;0.046720000000000;731.659470000000000;0.178290000000000;;;;;0
2025;32;ES;8;3;99;2;1;D06;B;3;2;0.040310000000000;753.427890000000000;0.266710000000000;;;;;0
2025;32;ES;10;4;98;2;1;D06;C;3;2;0.027020000000000;834.357020000000000;0.244150000000000;;;;;0
2025;32;ES;10;3;48;2;1;D04;C;3;2;0.048450000000000;762.585730000000000;0.238500000000000;;;;;0
2025;32;ES;4;2;126;2;1;D07;D;3;2;0.023760000000000;798.811230000000000;0.184170000000000;;;;;0
2025;32;ES;7;1;47;2;1;D05;C;3;2;0.030860000000000;754.523300000000000;0.187520000000000;;;;;0
2025;32;ES;13;2;46;2;1;D09;;2;3;0.033090000000000;;;667.739040000000000;692.736080000000000;717.956600000000000;753.496060000000000;0
2025;32;ES;11;2;45;2;1;D09;;2;3;0.037140000000000;;;659.243570000000000;685.957130000000000;708.452790000000000;737.565250000000000;0
2025;32;ES;12;1;44;2;1;D09;;2;3;0.030190000000000;;;643.276540000000000;657.921200000000000;674.075120000000000;719.002210000000000;0
2025;32;ES;2;1;117351;2;1;D02;A;3;2;0.034980000000000;632.421980000000000;0.107470000000000;;;;;1
2025;32;ES;2;6;117413;2;1;D07;D;3;2;0.017480000000000;734.619030000000000;0.165870000000000;;;;;1
2025;32;ES;13;1;43;2;1;D09;;2;3;0.034780000000000;;;647.938590000000000;667.053540000000000;686.692930000000000;718.578060000000000;0
2025;32;ES;11;1;42;2;1;D09;;2;3;0.029940000000000;;;637.857080000000000;652.560910000000000;669.480580000000000;711.619610000000000;0
2025;32;ES;11;9;41;2;1;D10;;1;3;0.040440000000000;;;731.368790000000000;790.828970000000000;;;0
2025;32;ES;12;9;41;2;1;D10;;1;3;0.040440000000000;;;731.368790000000000;790.828970000000000;;;0
2025;32;ES;13;9;41;2;1;D10;;1;3;0.040440000000000;;;731.368790000000000;790.828970000000000;;;0
2025;32;ES;11;8;40;2;1;D10;;1;3;0.052470000000000;;;739.603260000000000;776.860770000000000;830.872730000000000;;0
2025;32;ES;12;8;40;2;1;D10;;1;3;0.052470000000000;;;739.603260000000000;776.860770000000000;830.872730000000000;;0
2025;32;ES;13;8;40;2;1;D10;;1;3;0.052470000000000;;;739.603260000000000;776.860770000000000;830.872730000000000;;0
2025;32;ES;3;3;117482;2;1;D05;D;3;2;0.034380000000000;751.669690000000000;0.175800000000000;;;;;1
2025;32;ES;11;7;39;2;1;D10;;1;3;0.034230000000000;;;790.375020000000000;844.751930000000000;870.857080000000000;;0
2025;32;ES;12;7;39;2;1;D10;;1;3;0.034230000000000;;;790.375020000000000;844.751930000000000;870.857080000000000;;0
2025;32;ES;13;7;39;2;1;D10;;1;3;0.034230000000000;;;790.375020000000000;844.751930000000000;870.857080000000000;;0
2025;32;ES;11;6;38;2;1;D10;;1;3;0.038370000000000;;;729.122380000000000;817.655460000000000;;;0
2025;32;ES;3;6;117512;2;1;D06;D;3;2;0.020010000000000;814.223440000000000;0.111010000000000;;;;;1
2025;32;ES;12;6;38;2;1;D10;;1;3;0.038370000000000;;;729.122380000000000;817.655460000000000;;;0
2025;32;ES;13;6;38;2;1;D10;;1;3;0.038370000000000;;;729.122380000000000;817.655460000000000;;;0
2025;32;ES;11;5;37;2;1;D10;;1;3;0.031150000000000;;;698.135980000000000;779.684480000000000;;;0
2025;32;ES;12;5;37;2;1;D10;;1;3;0.031150000000000;;;698.135980000000000;779.684480000000000;;;0
2025;32;ES;13;5;37;2;1;D10;;1;3;0.031150000000000;;;698.135980000000000;779.684480000000000;;;0
2025;32;ES;11;4;36;2;1;D10;;1;3;0.054480000000000;;;730.074490000000000;774.682110000000000;831.509300000000000;;0
2025;32;ES;12;4;36;2;1;D10;;1;3;0.054480000000000;;;730.074490000000000;774.682110000000000;831.509300000000000;;0
2025;32;ES;13;4;36;2;1;D10;;1;3;0.054480000000000;;;730.074490000000000;774.682110000000000;831.509300000000000;;0
2025;32;ES;11;3;35;2;1;D10;;1;3;0.052440000000000;;;732.069850000000000;788.958220000000000;;;0
2025;32;ES;12;3;35;2;1;D10;;1;3;0.052440000000000;;;732.069850000000000;788.958220000000000;;;0
2025;32;ES;13;3;35;2;1;D10;;1;3;0.052440000000000;;;732.069850000000000;788.958220000000000;;;0
2025;32;ES;12;2;34;2;1;D09;;2;3;0.040190000000000;;;672.310750000000000;688.826970000000000;712.422780000000000;744.052290000000000;0
2025;33;RJ;2;3;117537;2;1;D03;C;3;2;0.071710000000000;698.435290000000000;0.264330000000000;;;;;1
2025;33;RJ;3;1;117535;2;1;D02;D;3;2;0.039590000000000;659.808770000000000;0.064480000000000;;;;;1
2025;33;RJ;3;6;117512;2;1;D06;D;3;2;0.020010000000000;814.223440000000000;0.111010000000000;;;;;1
2025;33;RJ;3;5;117496;2;1;D01;C;3;2;0.029250000000000;663.661350000000000;0.088130000000000;;;;;1
2025;33;RJ;2;4;117492;2;1;D05;C;3;2;0.026450000000000;745.839840000000000;0.229700000000000;;;;;1
2025;33;RJ;3;3;117482;2;1;D05;D;3;2;0.034380000000000;751.669690000000000;0.175800000000000;;;;;1
2025;33;RJ;1;4;117478;2;1;D02;C;3;2;0.043120000000000;657.772590000000000;0.112290000000000;;;;;1
2025;33;RJ;1;2;117474;2;1;D01;C;3;2;0.027600000000000;676.112640000000000;0.083530000000000;;;;;1
2025;33;RJ;1;7;117472;2;1;D02;D;3;2;0.046610000000000;654.806690000000000;0.076510000000000;;;;;1
2025;33;RJ;1;5;117443;2;1;D08;D;3;2;0.031330000000000;717.888460000000000;0.149420000000000;;;;;1
2025;33;RJ;1;8;117442;2;1;D03;B;3;2;0.040230000000000;679.382170000000000;0.325150000000000;;;;;1
2025;33;RJ;2;8;117434;2;1;D03;B;3;2;0.055460000000000;708.748630000000000;0.378710000000000;;;;;1
2025;33;RJ;2;6;117413;2;1;D07;D;3;2;0.016030000000000;723.714390000000000;0.122200000000000;;;;;1
2025;33;RJ;2;2;117411;2;1;D01;B;3;2;0.025230000000000;623.313180000000000;0.106540000000000;;;;;1
2025;33;RJ;3;4;117404;2;1;D02;A;3;2;0.050980000000000;664.132130000000000;0.316640000000000;;;;;1
2025;33;RJ;2;1;117351;2;1;D02;A;3;2;0.034980000000000;632.421980000000000;0.107470000000000;;;;;1
2025;33;RJ;2;5;117350;2;1;D02;A;3;2;0.035970000000000;631.354300000000000;0.106530000000000;;;;;1
2025;33;RJ;4;3;128;2;1;D05;C;3;2;0.026020000000000;786.467870000000000;0.154570000000000;;;;;0
2025;33;RJ;5;3;126;2;1;D05;C;3;2;0.064780000000000;736.939550000000000;0.234940000000000;;;;;0
2025;33;RJ;5;1;125;2;1;D08;B;3;2;0.027550000000000;752.002170000000000;0.238830000000000;;;;;0
2025;33;RJ;6;3;124;2;1;D06;A;3;2;0.063060000000000;737.589160000000000;0.295480000000000;;;;;0
2025;33;RJ;1;6;123;2;1;D01;B;3;2;0.022270000000000;813.629400000000000;0.289010000000000;;;;;0
2025;33;RJ;5;4;122;2;1;D06;X;3;2;;;;;;;;0
2025;33;RJ;3;7;121;2;1;D03;B;3;2;0.027680000000000;624.355440000000000;0.190740000000000;;;;;0
2025;33;RJ;1;3;120;2;1;D03;A;3;2;0.028460000000000;615.220070000000000;0.240530000000000;;;;;0
2025;33;RJ;6;1;118;2;1;D07;A;3;2;0.048490000000000;771.254700000000000;0.273030000000000;;;;;0
2025;33;RJ;4;2;117;2;1;D08;A;3;2;0.023530000000000;792.708790000000000;0.272370000000000;;;;;0
2025;33;RJ;6;2;116;2;1;D05;D;3;2;0.096440000000000;739.942880000000000;0.178360000000000;;;;;0
2025;33;RJ;4;1;112;2;1;D06;C;3;2;0.051900000000000;750.349460000000000;0.239780000000000;;;;;0
2025;33;RJ;10;3;111;2;1;D04;C;3;2;0.036320000000000;800.685730000000000;0.220210000000000;;;;;0
2025;33;RJ;9;2;110;2;1;D04;B;3;2;0.024000000000000;736.654670000000000;0.306360000000000;;;;;0
2025;33;RJ;7;3;109;2;1;D04;B;3;2;0.055630000000000;781.647810000000000;0.296540000000000;;;;;0
2025;33;RJ;8;4;108;2;1;D08;A;3;2;0.040320000000000;794.829490000000000;0.243480000000000;;;;;0
2025;33;RJ;7;2;107;2;1;D08;B;3;2;0.025540000000000;787.967870000000000;0.354670000000000;;;;;0
2025;33;RJ;10;1;106;2;1;D08;B;3;2;0.033410000000000;745.722570000000000;0.272850000000000;;;;;0
2025;33;RJ;6;4;113;2;1;D04;B;3;2;0.053880000000000;795.435290000000000;0.307010000000000;;;;;0
2025;33;RJ;9;4;105;2;1;D06;A;3;2;0.038330000000000;751.391760000000000;0.273410000000000;;;;;0
2025;33;RJ;10;4;104;2;1;D06;B;3;2;0.059290000000000;752.823000000000000;0.337510000000000;;;;;0
2025;33;RJ;9;3;103;2;1;D07;D;3;2;0.041950000000000;768.018860000000000;0.197760000000000;;;;;0
2025;33;RJ;8;1;102;2;1;D05;C;3;2;0.064500000000000;745.344640000000000;0.203460000000000;;;;;0
2025;33;RJ;5;2;119;2;1;D04;A;3;2;0.047110000000000;780.319380000000000;0.292640000000000;;;;;0
2025;33;RJ;8;3;101;2;1;D06;B;3;2;0.064230000000000;752.224410000000000;0.270400000000000;;;;;0
2025;33;RJ;8;2;100;2;1;D04;A;3;2;0.056920000000000;775.080050000000000;0.371230000000000;;;;;0
2025;33;RJ;7;4;99;2;1;D07;D;3;2;0.036820000000000;821.801680000000000;0.188790000000000;;;;;0
2025;33;RJ;9;1;98;2;1;D05;A;3;2;0.039050000000000;786.397380000000000;0.294540000000000;;;;;0
2025;33;RJ;4;4;127;2;1;D08;B;3;2;0.013580000000000;799.862920000000000;0.226850000000000;;;;;0
2025;33;RJ;10;2;97;2;1;D07;A;3;2;0.044150000000000;831.604390000000000;0.278380000000000;;;;;0
2025;33;RJ;7;1;96;2;1;D05;A;3;2;0.062290000000000;745.134180000000000;0.296480000000000;;;;;0
2025;33;RJ;12;2;46;2;1;D09;;2;3;0.042680000000000;;;670.961460000000000;682.664350000000000;701.090070000000000;740.637000000000000;0
2025;33;RJ;13;2;45;2;1;D09;;2;3;0.040920000000000;;;674.950050000000000;686.774920000000000;703.218360000000000;740.513580000000000;0
2025;33;RJ;2;7;117353;2;1;D01;C;3;2;0.026610000000000;694.384270000000000;0.123700000000000;;;;;1
2025;33;RJ;12;1;44;2;1;D09;;2;3;0.034430000000000;;;654.104800000000000;666.777190000000000;681.209610000000000;721.039610000000000;0
2025;33;RJ;11;1;43;2;1;D09;;2;3;0.036000000000000;;;651.870820000000000;659.958570000000000;668.034160000000000;690.214970000000000;0
2025;33;RJ;11;9;42;2;1;D10;;1;3;0.056110000000000;;;731.144500000000000;766.128880000000000;;;0
2025;33;RJ;12;9;42;2;1;D10;;1;3;0.056110000000000;;;731.144500000000000;766.128880000000000;;;0
2025;33;RJ;3;8;117416;2;1;D01;A;3;2;0.023300000000000;649.756400000000000;0.115840000000000;;;;;1
2025;33;RJ;13;9;42;2;1;D10;;1;3;0.056110000000000;;;731.144500000000000;766.128880000000000;;;0
2025;33;RJ;11;8;41;2;1;D10;;1;3;0.077040000000000;;;739.001410000000000;764.059660000000000;793.947290000000000;;0
2025;33;RJ;12;8;41;2;1;D10;;1;3;0.077040000000000;;;739.001410000000000;764.059660000000000;793.947290000000000;;0
2025;33;RJ;13;8;41;2;1;D10;;1;3;0.077040000000000;;;739.001410000000000;764.059660000000000;793.947290000000000;;0
2025;33;RJ;11;7;40;2;1;D10;;1;3;0.038080000000000;;;779.651710000000000;826.045200000000000;853.365160000000000;;0
2025;33;RJ;12;7;40;2;1;D10;;1;3;0.038080000000000;;;779.651710000000000;826.045200000000000;853.365160000000000;;0
2025;33;RJ;1;1;117484;2;1;D02;B;3;2;0.029850000000000;618.713900000000000;0.106600000000000;;;;;1
2025;33;RJ;13;7;40;2;1;D10;;1;3;0.038080000000000;;;779.651710000000000;826.045200000000000;853.365160000000000;;0
2025;33;RJ;11;6;39;2;1;D10;;1;3;0.053310000000000;;;732.018990000000000;792.021470000000000;;;0
2025;33;RJ;3;2;117534;2;1;D01;B;3;2;0.019800000000000;613.221470000000000;0.187240000000000;;;;;1
2025;33;RJ;12;6;39;2;1;D10;;1;3;0.053310000000000;;;732.018990000000000;792.021470000000000;;;0
2025;33;RJ;13;6;39;2;1;D10;;1;3;0.053310000000000;;;732.018990000000000;792.021470000000000;;;0
2025;33;RJ;11;5;38;2;1;D10;;1;3;0.047270000000000;;;713.747320000000000;756.169140000000000;;;0
2025;33;RJ;12;5;38;2;1;D10;;1;3;0.047270000000000;;;713.747320000000000;756.169140000000000;;;0
2025;33;RJ;13;5;38;2;1;D10;;1;3;0.047270000000000;;;713.747320000000000;756.169140000000000;;;0
2025;33;RJ;11;4;37;2;1;D10;;1;3;0.081450000000000;;;729.048200000000000;761.202030000000000;797.144120000000000;;0
2025;33;RJ;12;4;37;2;1;D10;;1;3;0.081450000000000;;;729.048200000000000;761.202030000000000;797.144120000000000;;0
2025;33;RJ;13;4;37;2;1;D10;;1;3;0.081450000000000;;;729.048200000000000;761.202030000000000;797.144120000000000;;0
2025;33;RJ;11;3;36;2;1;D10;;1;3;0.079690000000000;;;730.846610000000000;767.819630000000000;;;0
2025;33;RJ;12;3;36;2;1;D10;;1;3;0.079690000000000;;;730.846610000000000;767.819630000000000;;;0
2025;33;RJ;13;3;36;2;1;D10;;1;3;0.079690000000000;;;730.846610000000000;767.819630000000000;;;0
2025;33;RJ;13;1;35;2;1;D09;;2;3;0.036050000000000;;;655.052310000000000;665.170210000000000;676.459560000000000;702.427800000000000;0
2025;33;RJ;11;2;34;2;1;D09;;2;3;0.035820000000000;;;669.580670000000000;682.745060000000000;700.982460000000000;759.102220000000000;0
2025;41;PR;2;3;117537;2;1;D03;C;3;2;0.071710000000000;698.435290000000000;0.264330000000000;;;;;1
2025;41;PR;3;2;117534;2;1;D01;B;3;2;0.019800000000000;613.221470000000000;0.187240000000000;;;;;1
2025;41;PR;3;6;117512;2;1;D06;D;3;2;0.020010000000000;814.223440000000000;0.111010000000000;;;;;1
2025;41;PR;3;5;117496;2;1;D01;C;3;2;0.033710000000000;651.362080000000000;0.086780000000000;;;;;1
2025;41;PR;1;1;117484;2;1;D02;B;3;2;0.029850000000000;618.713900000000000;0.106600000000000;;;;;1
2025;41;PR;3;3;117482;2;1;D05;D;3;2;0.034380000000000;751.669690000000000;0.175800000000000;;;;;1
2025;41;PR;1;4;117478;2;1;D02;C;3;2;0.043120000000000;657.772590000000000;0.112290000000000;;;;;1
2025;41;PR;1;2;117474;2;1;D01;C;3;2;0.027600000000000;676.112640000000000;0.083530000000000;;;;;1
2025;41;PR;1;7;117472;2;1;D02;D;3;2;0.046610000000000;654.806690000000000;0.076510000000000;;;;;1
2025;41;PR;1;5;117443;2;1;D08;D;3;2;0.031330000000000;717.888460000000000;0.149420000000000;;;;;1
2025;41;PR;1;8;117442;2;1;D03;B;3;2;0.040230000000000;679.382170000000000;0.325150000000000;;;;;1
2025;41;PR;3;8;117416;2;1;D01;A;3;2;0.023300000000000;649.756400000000000;0.115840000000000;;;;;1
2025;41;PR;2;6;117413;2;1;D07;D;3;2;0.022170000000000;771.864190000000000;0.146790000000000;;;;;1
2025;41;PR;2;2;117411;2;1;D01;B;3;2;0.025230000000000;623.313180000000000;0.106540000000000;;;;;1
2025;41;PR;2;7;117353;2;1;D01;C;3;2;0.035120000000000;684.711150000000000;0.214000000000000;;;;;1
2025;41;PR;2;1;117351;2;1;D02;A;3;2;0.034980000000000;632.421980000000000;0.107470000000000;;;;;1
2025;41;PR;2;5;117350;2;1;D02;A;3;2;0.035970000000000;631.354300000000000;0.106530000000000;;;;;1
2025;41;PR;4;3;134;2;1;D08;B;3;2;0.031570000000000;736.046290000000000;0.208090000000000;;;;;0
2025;41;PR;5;4;133;2;1;D04;C;3;2;0.048100000000000;760.382650000000000;0.200660000000000;;;;;0
2025;41;PR;1;6;132;2;1;D01;B;3;2;0.029030000000000;829.112200000000000;0.286870000000000;;;;;0
2025;41;PR;3;7;131;2;1;D03;B;3;2;0.029320000000000;648.443130000000000;0.198530000000000;;;;;0
2025;41;PR;1;3;130;2;1;D03;A;3;2;0.024430000000000;628.453120000000000;0.196580000000000;;;;;0
2025;41;PR;4;4;129;2;1;D06;B;3;2;0.034690000000000;798.396000000000000;0.269260000000000;;;;;0
2025;41;PR;5;3;128;2;1;D08;A;3;2;0.021530000000000;783.321610000000000;0.231900000000000;;;;;0
2025;41;PR;9;2;124;2;1;D04;D;3;2;0.024210000000000;780.106690000000000;0.111350000000000;;;;;0
2025;41;PR;10;2;123;2;1;D07;B;3;2;0.016460000000000;784.423680000000000;0.171870000000000;;;;;0
2025;41;PR;7;3;122;2;1;D04;B;3;2;0.037370000000000;765.901930000000000;0.370000000000000;;;;;0
2025;41;PR;9;4;120;2;1;D06;B;3;2;0.029100000000000;739.483520000000000;0.271330000000000;;;;;0
2025;41;PR;10;1;119;2;1;D08;B;3;2;0.030710000000000;784.599510000000000;0.300530000000000;;;;;0
2025;41;PR;9;1;118;2;1;D05;B;3;2;0.039300000000000;738.623460000000000;0.262640000000000;;;;;0
2025;41;PR;8;4;117;2;1;D08;D;3;2;0.028470000000000;768.507790000000000;0.111960000000000;;;;;0
2025;41;PR;7;4;116;2;1;D07;D;3;2;0.024800000000000;790.597520000000000;0.131620000000000;;;;;0
2025;41;PR;9;3;115;2;1;D07;A;3;2;0.027210000000000;748.825380000000000;0.154220000000000;;;;;0
2025;41;PR;7;2;114;2;1;D08;C;3;2;0.041650000000000;768.462330000000000;0.169310000000000;;;;;0
2025;41;PR;8;1;113;2;1;D05;D;3;2;0.047910000000000;731.323170000000000;0.128660000000000;;;;;0
2025;41;PR;8;3;112;2;1;D06;B;3;2;0.051650000000000;756.010360000000000;0.304680000000000;;;;;0
2025;41;PR;10;4;111;2;1;D06;C;3;2;0.036040000000000;830.934380000000000;0.255910000000000;;;;;0
2025;41;PR;4;1;110;2;1;D07;B;3;2;0.044590000000000;747.771040000000000;0.324680000000000;;;;;0
2025;41;PR;8;2;121;2;1;D04;C;3;2;0.043700000000000;793.859220000000000;0.169780000000000;;;;;0
2025;41;PR;6;4;125;2;1;D04;A;3;2;0.044930000000000;733.474480000000000;0.240040000000000;;;;;0
2025;41;PR;5;2;109;2;1;D06;C;3;2;0.039620000000000;751.054640000000000;0.145730000000000;;;;;0
2025;41;PR;5;1;108;2;1;D05;B;3;2;0.045680000000000;759.165890000000000;0.278590000000000;;;;;0
2025;41;PR;4;2;107;2;1;D04;C;3;2;0.052970000000000;759.945030000000000;0.196270000000000;;;;;0
2025;41;PR;6;2;106;2;1;D05;A;3;2;0.026130000000000;786.374180000000000;0.197740000000000;;;;;0
2025;41;PR;6;3;105;2;1;D06;D;3;2;0.050490000000000;763.108970000000000;0.144200000000000;;;;;0
2025;41;PR;10;3;50;2;1;D04;C;3;2;0.056720000000000;759.443680000000000;0.218420000000000;;;;;0
2025;41;PR;7;1;49;2;1;D05;C;3;2;0.028660000000000;766.088160000000000;0.156870000000000;;;;;0
2025;41;PR;13;2;46;2;1;D09;;2;3;0.044170000000000;;;680.647360000000000;697.739230000000000;719.440960000000000;748.231870000000000;0
2025;41;PR;6;1;135;2;1;D08;D;3;2;0.044920000000000;757.176560000000000;0.122430000000000;;;;;0
2025;41;PR;11;2;45;2;1;D09;;2;3;0.046490000000000;;;665.721780000000000;687.374860000000000;707.184840000000000;733.744810000000000;0
2025;41;PR;12;1;44;2;1;D09;;2;3;0.039360000000000;;;655.420320000000000;672.186210000000000;690.599970000000000;731.791240000000000;0
2025;41;PR;3;4;117404;2;1;D02;A;3;2;0.050980000000000;664.132130000000000;0.316640000000000;;;;;1
2025;41;PR;13;1;43;2;1;D09;;2;3;0.044530000000000;;;660.207240000000000;673.743860000000000;689.098600000000000;714.305900000000000;0
2025;41;PR;11;1;42;2;1;D09;;2;3;0.037540000000000;;;648.965360000000000;661.286330000000000;675.267200000000000;714.073360000000000;0
2025;41;PR;11;9;41;2;1;D10;;1;3;0.059460000000000;;;736.553970000000000;780.849820000000000;;;0
2025;41;PR;12;9;41;2;1;D10;;1;3;0.059460000000000;;;736.553970000000000;780.849820000000000;;;0
2025;41;PR;13;9;41;2;1;D10;;1;3;0.059460000000000;;;736.553970000000000;780.849820000000000;;;0
2025;41;PR;11;8;40;2;1;D10;;1;3;0.075490000000000;;;733.453060000000000;761.122160000000000;793.711250000000000;;0
2025;41;PR;2;8;117434;2;1;D03;B;3;2;0.055460000000000;708.748630000000000;0.378710000000000;;;;;1
2025;41;PR;12;8;40;2;1;D10;;1;3;0.075490000000000;;;733.453060000000000;761.122160000000000;793.711250000000000;;0
2025;41;PR;13;8;40;2;1;D10;;1;3;0.075490000000000;;;733.453060000000000;761.122160000000000;793.711250000000000;;0
2025;41;PR;12;7;39;2;1;D10;;1;3;0.036550000000000;;;776.304570000000000;830.625450000000000;854.560580000000000;;0
2025;41;PR;11;7;39;2;1;D10;;1;3;0.036550000000000;;;776.304570000000000;830.625450000000000;854.560580000000000;;0
2025;41;PR;2;4;117492;2;1;D05;C;3;2;0.026450000000000;745.839840000000000;0.229700000000000;;;;;1
2025;41;PR;13;7;39;2;1;D10;;1;3;0.036550000000000;;;776.304570000000000;830.625450000000000;854.560580000000000;;0
2025;41;PR;11;6;38;2;1;D10;;1;3;0.056910000000000;;;740.397900000000000;807.844240000000000;;;0
2025;41;PR;12;6;38;2;1;D10;;1;3;0.056910000000000;;;740.397900000000000;807.844240000000000;;;0
2025;41;PR;13;6;38;2;1;D10;;1;3;0.056910000000000;;;740.397900000000000;807.844240000000000;;;0
2025;41;PR;3;1;117535;2;1;D02;D;3;2;0.039590000000000;659.808770000000000;0.064480000000000;;;;;1
2025;41;PR;12;5;37;2;1;D10;;1;3;0.043990000000000;;;712.545880000000000;761.886550000000000;;;0
2025;41;PR;13;5;37;2;1;D10;;1;3;0.043990000000000;;;712.545880000000000;761.886550000000000;;;0
2025;41;PR;11;5;37;2;1;D10;;1;3;0.043990000000000;;;712.545880000000000;761.886550000000000;;;0
2025;41;PR;11;4;36;2;1;D10;;1;3;0.064900000000000;;;722.982800000000000;758.481130000000000;808.574360000000000;;0
2025;41;PR;12;4;36;2;1;D10;;1;3;0.064900000000000;;;722.982800000000000;758.481130000000000;808.574360000000000;;0
2025;41;PR;13;4;36;2;1;D10;;1;3;0.064900000000000;;;722.982800000000000;758.481130000000000;808.574360000000000;;0
2025;41;PR;13;3;35;2;1;D10;;1;3;0.062880000000000;;;724.656750000000000;772.129890000000000;;;0
2025;41;PR;11;3;35;2;1;D10;;1;3;0.062880000000000;;;724.656750000000000;772.129890000000000;;;0
2025;41;PR;12;3;35;2;1;D10;;1;3;0.062880000000000;;;724.656750000000000;772.129890000000000;;;0
2025;41;PR;12;2;34;2;1;D09;;2;3;0.051300000000000;;;677.330690000000000;692.199670000000000;707.984310000000000;740.507260000000000;0
2025;42;SC;8;4;808301;2;1;D5;C;3;2;0.046900000000000;745.427620000000000;0.210130000000000;;;;;0
2025;42;SC;8;1;651860;2;1;D7;B;3;2;0.023930000000000;710.707800000000000;0.191580000000000;;;;;0
2025;42;SC;9;3;651850;2;1;D4;C;3;2;0.021100000000000;712.173290000000000;0.185680000000000;;;;;0
2025;42;SC;6;4;577881;2;1;D3;A;3;2;0.032540000000000;704.818100000000000;0.189600000000000;;;;;0
2025;42;SC;5;3;566121;2;1;D5;A;3;2;0.018480000000000;786.533020000000000;0.203030000000000;;;;;0
2025;42;SC;7;1;566110;2;1;D6;D;3;2;0.034510000000000;763.154870000000000;0.153190000000000;;;;;0
2025;42;SC;10;2;303645;2;1;D8;C;3;2;0.032090000000000;765.909670000000000;0.239960000000000;;;;;0
2025;42;SC;9;4;302662;2;1;D8;B;3;2;0.022530000000000;729.985870000000000;0.149230000000000;;;;;0
2025;42;SC;17;6;250306;2;1;D10;;1;3;0.026260000000000;;;673.694710000000000;;;;0
2025;42;SC;17;5;250305;2;1;D10;;1;3;0.018050000000000;;;774.917080000000000;;;;0
2025;42;SC;17;4;250304;2;1;D10;;1;3;0.022220000000000;;;609.231660000000000;783.511710000000000;;;0
2025;42;SC;17;2;250302;2;1;D10;;1;3;0.018960000000000;;;759.130710000000000;;;;0
2025;42;SC;17;1;250301;2;1;D10;;1;3;0.022980000000000;;;546.978770000000000;617.590260000000000;;;0
2025;42;SC;16;1;250106;2;1;D9;;2;3;0.035320000000000;;;626.142230000000000;637.638480000000000;689.468890000000000;718.402630000000000;0
2025;42;SC;12;1;250104;2;1;D1;;2;3;0.031950000000000;;;632.453560000000000;640.561720000000000;684.435780000000000;709.523210000000000;0
2025;42;SC;15;1;250103;2;1;D1;;2;3;0.025710000000000;;;567.343370000000000;578.717180000000000;599.460200000000000;634.973990000000000;0
2025;42;SC;13;1;250102;2;1;D1;;2;3;0.030850000000000;;;604.988640000000000;613.074090000000000;629.279890000000000;663.816870000000000;0
2025;42;SC;6;3;208267;2;1;D7;D;3;2;0.015220000000000;843.354420000000000;0.116960000000000;;;;;0
2025;42;SC;1;6;206676;2;1;D1;B;3;2;0.013340000000000;841.904440000000000;0.194310000000000;;;;;0
2025;42;SC;3;7;206506;2;1;D3;B;3;2;0.029770000000000;621.058140000000000;0.170980000000000;;;;;0
2025;42;SC;6;1;206406;2;1;D5;C;3;2;0.046700000000000;725.816550000000000;0.210380000000000;;;;;0
2025;42;SC;1;3;206316;2;1;D3;A;3;2;0.028480000000000;616.187370000000000;0.183750000000000;;;;;0
2025;42;SC;5;4;202124;2;1;D6;A;3;2;0.043450000000000;728.176860000000000;0.251640000000000;;;;;0
2025;42;SC;4;2;200846;2;1;D4;C;3;2;0.026000000000000;764.477980000000000;0.174730000000000;;;;;0
2025;42;SC;2;3;117537;2;1;D3;C;3;2;0.071710000000000;698.435290000000000;0.264330000000000;;;;;1
2025;42;SC;3;1;117535;2;1;D2;D;3;2;0.039590000000000;659.808770000000000;0.064480000000000;;;;;1
2025;42;SC;3;2;117534;2;1;D1;B;3;2;0.019800000000000;613.221470000000000;0.187240000000000;;;;;1
2025;42;SC;3;6;117512;2;1;D6;D;3;2;0.020010000000000;814.223440000000000;0.111010000000000;;;;;1
2025;42;SC;3;5;117496;2;1;D1;C;3;2;0.033710000000000;651.362080000000000;0.086780000000000;;;;;1
2025;42;SC;2;4;117492;2;1;D5;C;3;2;0.026450000000000;745.839840000000000;0.229700000000000;;;;;1
2025;42;SC;1;1;117484;2;1;D2;B;3;2;0.029850000000000;618.713900000000000;0.106600000000000;;;;;1
2025;42;SC;3;3;117482;2;1;D5;D;3;2;0.034380000000000;751.669690000000000;0.175800000000000;;;;;1
2025;42;SC;11;1;250101;2;1;D1;;2;3;0.029380000000000;;;603.396270000000000;610.530380000000000;623.793000000000000;665.970510000000000;0
2025;42;SC;1;4;117478;2;1;D2;C;3;2;0.043120000000000;657.772590000000000;0.112290000000000;;;;;1
2025;42;SC;1;2;117474;2;1;D1;C;3;2;0.027600000000000;676.112640000000000;0.083530000000000;;;;;1
2025;42;SC;1;7;117472;2;1;D2;D;3;2;0.046610000000000;654.806690000000000;0.076510000000000;;;;;1
2025;42;SC;1;5;117443;2;1;D8;D;3;2;0.031330000000000;717.888460000000000;0.149420000000000;;;;;1
2025;42;SC;1;8;117442;2;1;D3;B;3;2;0.040230000000000;679.382170000000000;0.325150000000000;;;;;1
2025;42;SC;2;8;117434;2;1;D3;B;3;2;0.055460000000000;708.748630000000000;0.378710000000000;;;;;1
2025;42;SC;3;8;117416;2;1;D1;A;3;2;0.023300000000000;649.756400000000000;0.115840000000000;;;;;1
2025;42;SC;2;6;117413;2;1;D7;D;3;2;0.022170000000000;771.864190000000000;0.146790000000000;;;;;1
2025;42;SC;14;1;250105;2;1;D9;;2;3;0.034030000000000;;;643.429000000000000;667.351240000000000;706.567840000000000;739.493600000000000;0
2025;42;SC;17;3;250303;2;1;D10;;1;3;0.016540000000000;;;636.113150000000000;;;;0
2025;42;SC;2;2;117411;2;1;D1;B;3;2;0.025230000000000;623.313180000000000;0.106540000000000;;;;;1
2025;42;SC;3;4;117404;2;1;D2;A;3;2;0.050980000000000;664.132130000000000;0.316640000000000;;;;;1
2025;42;SC;2;7;117353;2;1;D1;C;3;2;0.024560000000000;693.798340000000000;0.137720000000000;;;;;1
2025;42;SC;2;1;117351;2;1;D2;A;3;2;0.034980000000000;632.421980000000000;0.107470000000000;;;;;1
2025;42;SC;10;1;577381;2;1;D1;C;3;2;0.028230000000000;677.086680000000000;0.162610000000000;;;;;0
2025;42;SC;2;5;117350;2;1;D2;A;3;2;0.035970000000000;631.354300000000000;0.106530000000000;;;;;1
2025;42;SC;4;3;101364;2;1;D8;A;3;2;0.033610000000000;719.652040000000000;0.246050000000000;;;;;0
2025;42;SC;7;3;100525;2;1;D4;D;3;2;0.023590000000000;778.292990000000000;0.157000000000000;;;;;0
2025;42;SC;9;1;68514;2;1;D1;A;3;2;0.035180000000000;670.457870000000000;0.242510000000000;;;;;0
2025;42;SC;10;4;808290;2;1;D4;B;3;2;0.034350000000000;742.581950000000000;0.219930000000000;;;;;0
2025;42;SC;5;2;58219;2;1;D3;A;3;2;0.051380000000000;706.954570000000000;0.227350000000000;;;;;0
2025;42;SC;8;2;57910;2;1;D2;B;3;2;0.046220000000000;689.615160000000000;0.241940000000000;;;;;0
2025;42;SC;7;4;57846;2;1;D8;B;3;2;0.025870000000000;728.276590000000000;0.161980000000000;;;;;0
2025;42;SC;4;4;57844;2;1;D5;A;3;2;0.050480000000000;737.234130000000000;0.253020000000000;;;;;0
2025;42;SC;6;2;57838;2;1;D2;B;3;2;0.030750000000000;673.417120000000000;0.142910000000000;;;;;0
2025;42;SC;7;2;57737;2;1;D8;D;3;2;0.054940000000000;702.454470000000000;0.223790000000000;;;;;0
2025;42;SC;10;3;57735;2;1;D3;A;3;2;0.017250000000000;686.755640000000000;0.152810000000000;;;;;0
2025;42;SC;5;1;57732;2;1;D6;D;3;2;0.033760000000000;722.454490000000000;0.136820000000000;;;;;0
2025;42;SC;8;3;57689;2;1;D1;B;3;2;0.015590000000000;700.904200000000000;0.233800000000000;;;;;0
2025;42;SC;4;1;57685;2;1;D1;D;3;2;0.033470000000000;700.719700000000000;0.145160000000000;;;;;0
2025;42;SC;9;2;57684;2;1;D8;C;3;2;0.024240000000000;670.722160000000000;0.128870000000000;;;;;0
2025;50;MS;3;1;117535;2;1;D02;D;3;2;0.039590000000000;659.808770000000000;0.064480000000000;;;;;1
2025;50;MS;3;2;117534;2;1;D01;B;3;2;0.019800000000000;613.221470000000000;0.187240000000000;;;;;1
2025;50;MS;3;6;117512;2;1;D06;D;3;2;0.019390000000000;782.808430000000000;0.160890000000000;;;;;1
2025;50;MS;2;4;117492;2;1;D05;C;3;2;0.026450000000000;745.839840000000000;0.229700000000000;;;;;1
2025;50;MS;1;1;117484;2;1;D02;B;3;2;0.029850000000000;618.713900000000000;0.106600000000000;;;;;1
2025;50;MS;3;3;117482;2;1;D05;D;3;2;0.034380000000000;751.669690000000000;0.175800000000000;;;;;1
2025;50;MS;1;4;117478;2;1;D02;C;3;2;0.043120000000000;657.772590000000000;0.112290000000000;;;;;1
2025;50;MS;1;2;117474;2;1;D01;C;3;2;0.027600000000000;676.112640000000000;0.083530000000000;;;;;1
2025;50;MS;1;7;117472;2;1;D02;D;3;2;0.046610000000000;654.806690000000000;0.076510000000000;;;;;1
2025;50;MS;1;5;117443;2;1;D08;D;3;2;0.031330000000000;717.888460000000000;0.149420000000000;;;;;1
2025;50;MS;2;8;117434;2;1;D03;B;3;2;0.055460000000000;708.748630000000000;0.378710000000000;;;;;1
2025;50;MS;3;8;117416;2;1;D01;A;3;2;0.023300000000000;649.756400000000000;0.115840000000000;;;;;1
2025;50;MS;2;6;117413;2;1;D07;D;3;2;0.019000000000000;719.929640000000000;0.158860000000000;;;;;1
2025;50;MS;3;4;117404;2;1;D02;A;3;2;0.050980000000000;664.132130000000000;0.316640000000000;;;;;1
2025;50;MS;2;7;117353;2;1;D01;C;3;2;0.035120000000000;684.711150000000000;0.214000000000000;;;;;1
2025;50;MS;2;1;117351;2;1;D02;A;3;2;0.034980000000000;632.421980000000000;0.107470000000000;;;;;1
2025;50;MS;5;4;65;2;1;D08;C;3;2;0.039400000000000;763.736210000000000;0.155470000000000;;;;;0
2025;50;MS;6;2;64;2;1;D08;C;3;2;0.040930000000000;771.529550000000000;0.191570000000000;;;;;0
2025;50;MS;4;3;63;2;1;D08;B;3;2;0.032070000000000;756.082550000000000;0.261280000000000;;;;;0
2025;50;MS;4;4;62;2;1;D04;A;3;2;0.041590000000000;802.145350000000000;0.232120000000000;;;;;0
2025;50;MS;1;6;61;2;1;D01;B;3;2;0.015420000000000;823.614710000000000;0.261000000000000;;;;;0
2025;50;MS;3;7;60;2;1;D03;B;3;2;0.028540000000000;638.736730000000000;0.223350000000000;;;;;0
2025;50;MS;4;1;59;2;1;D05;C;3;2;0.055920000000000;742.098230000000000;0.204170000000000;;;;;0
2025;50;MS;5;3;57;2;1;D07;D;3;2;0.045850000000000;769.689110000000000;0.155830000000000;;;;;0
2025;50;MS;5;1;56;2;1;D05;D;3;2;0.025710000000000;769.734050000000000;0.111560000000000;;;;;0
2025;50;MS;5;2;55;2;1;D06;A;3;2;0.045820000000000;740.451220000000000;0.272610000000000;;;;;0
2025;50;MS;6;4;51;2;1;D04;A;3;2;0.045090000000000;732.852560000000000;0.246880000000000;;;;;0
2025;50;MS;9;2;50;2;1;D04;D;3;2;0.029480000000000;784.379570000000000;0.124380000000000;;;;;0
2025;50;MS;10;2;49;2;1;D07;B;3;2;0.019730000000000;789.782120000000000;0.232820000000000;;;;;0
2025;50;MS;8;2;47;2;1;D04;C;3;2;0.053230000000000;792.455490000000000;0.178690000000000;;;;;0
2025;50;MS;9;4;46;2;1;D06;B;3;2;0.029500000000000;747.359440000000000;0.251110000000000;;;;;0
2025;50;MS;10;1;45;2;1;D08;B;3;2;0.034890000000000;787.607610000000000;0.301270000000000;;;;;0
2025;50;MS;7;3;48;2;1;D04;B;3;2;0.050080000000000;765.058350000000000;0.362070000000000;;;;;0
2025;50;MS;9;1;44;2;1;D05;B;3;2;0.041600000000000;744.130400000000000;0.281460000000000;;;;;0
2025;50;MS;8;4;43;2;1;D08;D;3;2;0.037740000000000;774.558080000000000;0.154030000000000;;;;;0
2025;50;MS;7;4;42;2;1;D07;D;3;2;0.034430000000000;790.629360000000000;0.164020000000000;;;;;0
2025;50;MS;9;3;41;2;1;D07;A;3;2;0.033520000000000;753.665640000000000;0.174550000000000;;;;;0
2025;50;MS;6;3;54;2;1;D07;D;3;2;0.020290000000000;793.788510000000000;0.108390000000000;;;;;0
2025;50;MS;7;2;40;2;1;D08;C;3;2;0.048770000000000;773.743440000000000;0.175510000000000;;;;;0
2025;50;MS;8;1;39;2;1;D05;D;3;2;0.053260000000000;737.728390000000000;0.153330000000000;;;;;0
2025;50;MS;1;3;58;2;1;D03;A;3;2;0.031190000000000;633.004510000000000;0.235760000000000;;;;;0
2025;50;MS;8;3;38;2;1;D06;B;3;2;0.052430000000000;759.415910000000000;0.273590000000000;;;;;0
2025;50;MS;10;4;37;2;1;D06;C;3;2;0.035390000000000;822.035130000000000;0.234220000000000;;;;;0
2025;50;MS;6;1;36;2;1;D05;D;3;2;0.053390000000000;736.403050000000000;0.144420000000000;;;;;0
2025;50;MS;4;2;35;2;1;D06;D;3;2;0.054440000000000;763.245800000000000;0.147560000000000;;;;;0
2025;50;MS;10;3;34;2;1;D04;C;3;2;0.069460000000000;762.539040000000000;0.217720000000000;;;;;0
2025;50;MS;7;1;33;2;1;D05;C;3;2;0.032720000000000;770.456810000000000;0.183770000000000;;;;;0
2025;50;MS;2;5;117350;2;1;D02;A;3;2;0.035970000000000;631.354300000000000;0.106530000000000;;;;;1
2025;50;MS;13;2;32;2;1;D09;;2;3;0.041090000000000;;;684.349740000000000;695.826070000000000;714.954670000000000;751.477710000000000;0
2025;50;MS;11;2;31;2;1;D09;;2;3;0.045630000000000;;;678.047450000000000;695.832160000000000;711.220300000000000;739.722690000000000;0
2025;50;MS;12;1;30;2;1;D09;;2;3;0.039090000000000;;;663.065530000000000;676.406600000000000;694.399550000000000;726.794380000000000;0
2025;50;MS;13;1;29;2;1;D09;;2;3;0.042930000000000;;;664.958600000000000;678.397100000000000;691.076730000000000;712.280050000000000;0
2025;50;MS;11;1;28;2;1;D09;;2;3;0.035340000000000;;;652.673760000000000;663.945130000000000;676.388220000000000;712.171380000000000;0
2025;50;MS;11;9;27;2;1;D10;;1;3;0.059310000000000;;;743.209750000000000;778.025310000000000;;;0
2025;50;MS;12;9;27;2;1;D10;;1;3;0.059310000000000;;;743.209750000000000;778.025310000000000;;;0
2025;50;MS;13;9;27;2;1;D10;;1;3;0.059310000000000;;;743.209750000000000;778.025310000000000;;;0
2025;50;MS;2;2;117411;2;1;D01;B;3;2;0.025230000000000;623.313180000000000;0.106540000000000;;;;;1
2025;50;MS;1;8;117442;2;1;D03;B;3;2;0.040230000000000;679.382170000000000;0.325150000000000;;;;;1
2025;50;MS;11;8;26;2;1;D10;;1;3;0.079270000000000;;;740.741320000000000;767.208790000000000;800.493330000000000;;0
2025;50;MS;12;8;26;2;1;D10;;1;3;0.079270000000000;;;740.741320000000000;767.208790000000000;800.493330000000000;;0
2025;50;MS;13;8;26;2;1;D10;;1;3;0.079270000000000;;;740.741320000000000;767.208790000000000;800.493330000000000;;0
2025;50;MS;11;7;25;2;1;D10;;1;3;0.038290000000000;;;787.313410000000000;828.401090000000000;855.307870000000000;;0
2025;50;MS;12;7;25;2;1;D10;;1;3;0.038290000000000;;;787.313410000000000;828.401090000000000;855.307870000000000;;0
2025;50;MS;13;7;25;2;1;D10;;1;3;0.038290000000000;;;787.313410000000000;828.401090000000000;855.307870000000000;;0
2025;50;MS;11;6;24;2;1;D10;;1;3;0.059020000000000;;;740.121540000000000;801.703910000000000;;;0
2025;50;MS;12;6;24;2;1;D10;;1;3;0.059020000000000;;;740.121540000000000;801.703910000000000;;;0
2025;50;MS;3;5;117496;2;1;D01;C;3;2;0.033710000000000;651.362080000000000;0.086780000000000;;;;;1
2025;50;MS;2;3;117537;2;1;D03;C;3;2;0.071710000000000;698.435290000000000;0.264330000000000;;;;;1
2025;50;MS;13;6;24;2;1;D10;;1;3;0.059020000000000;;;740.121540000000000;801.703910000000000;;;0
2025;50;MS;11;5;23;2;1;D10;;1;3;0.046580000000000;;;717.074450000000000;755.819940000000000;;;0
2025;50;MS;12;5;23;2;1;D10;;1;3;0.046580000000000;;;717.074450000000000;755.819940000000000;;;0
2025;50;MS;13;5;23;2;1;D10;;1;3;0.046580000000000;;;717.074450000000000;755.819940000000000;;;0
2025;50;MS;11;4;22;2;1;D10;;1;3;0.073250000000000;;;730.442330000000000;763.255650000000000;810.211790000000000;;0
2025;50;MS;12;4;22;2;1;D10;;1;3;0.073250000000000;;;730.442330000000000;763.255650000000000;810.211790000000000;;0
2025;50;MS;13;4;22;2;1;D10;;1;3;0.073250000000000;;;730.442330000000000;763.255650000000000;810.211790000000000;;0
2025;50;MS;11;3;21;2;1;D10;;1;3;0.066230000000000;;;729.417720000000000;773.048600000000000;;;0
2025;50;MS;12;3;21;2;1;D10;;1;3;0.066230000000000;;;729.417720000000000;773.048600000000000;;;0
2025;50;MS;13;3;21;2;1;D10;;1;3;0.066230000000000;;;729.417720000000000;773.048600000000000;;;0
2025;50;MS;12;2;20;2;1;D09;;2;3;0.048040000000000;;;683.798600000000000;694.742030000000000;709.748790000000000;745.357450000000000;0
2025;51;MT;2;3;117537;2;1;D03;C;3;2;0.071710000000000;698.435290000000000;0.264330000000000;;;;;1
2025;51;MT;3;1;117535;2;1;D02;D;3;2;0.039590000000000;659.808770000000000;0.064480000000000;;;;;1
2025;51;MT;3;2;117534;2;1;D01;B;3;2;0.019800000000000;613.221470000000000;0.187240000000000;;;;;1
2025;51;MT;3;6;117512;2;1;D06;D;3;2;0.020010000000000;814.223440000000000;0.111010000000000;;;;;1
2025;51;MT;3;5;117496;2;1;D01;C;3;2;0.033710000000000;651.362080000000000;0.086780000000000;;;;;1
2025;51;MT;2;4;117492;2;1;D05;C;3;2;0.026450000000000;745.839840000000000;0.229700000000000;;;;;1
2025;51;MT;1;1;117484;2;1;D02;B;3;2;0.029850000000000;618.713900000000000;0.106600000000000;;;;;1
2025;51;MT;3;3;117482;2;1;D05;D;3;2;0.034380000000000;751.669690000000000;0.175800000000000;;;;;1
2025;51;MT;1;4;117478;2;1;D02;C;3;2;0.043120000000000;657.772590000000000;0.112290000000000;;;;;1
2025;51;MT;1;2;117474;2;1;D01;C;3;2;0.027600000000000;676.112640000000000;0.083530000000000;;;;;1
2025;51;MT;1;7;117472;2;1;D02;D;3;2;0.046610000000000;654.806690000000000;0.076510000000000;;;;;1
2025;51;MT;1;8;117442;2;1;D03;B;3;2;0.040230000000000;679.382170000000000;0.325150000000000;;;;;1
2025;51;MT;2;8;117434;2;1;D03;B;3;2;0.055460000000000;708.748630000000000;0.378710000000000;;;;;1
2025;51;MT;3;8;117416;2;1;D01;A;3;2;0.023300000000000;649.756400000000000;0.115840000000000;;;;;1
2025;51;MT;2;2;117411;2;1;D01;B;3;2;0.025230000000000;623.313180000000000;0.106540000000000;;;;;1
2025;51;MT;3;4;117404;2;1;D02;A;3;2;0.050980000000000;664.132130000000000;0.316640000000000;;;;;1
2025;51;MT;2;7;117353;2;1;D01;C;3;2;0.035120000000000;684.711150000000000;0.214000000000000;;;;;1
2025;51;MT;2;5;117350;2;1;D02;A;3;2;0.035970000000000;631.354300000000000;0.106530000000000;;;;;1
2025;51;MT;6;1;135;2;1;D08;D;3;2;0.035760000000000;763.581170000000000;0.122320000000000;;;;;0
2025;51;MT;4;3;134;2;1;D08;B;3;2;0.027520000000000;737.512060000000000;0.195280000000000;;;;;0
2025;51;MT;5;4;133;2;1;D04;C;3;2;0.042830000000000;762.996130000000000;0.237180000000000;;;;;0
2025;51;MT;1;6;132;2;1;D01;B;3;2;0.016100000000000;833.035300000000000;0.252000000000000;;;;;0
2025;51;MT;3;7;131;2;1;D03;B;3;2;0.036990000000000;654.714220000000000;0.228330000000000;;;;;0
2025;51;MT;1;3;130;2;1;D03;A;3;2;0.036980000000000;641.565390000000000;0.232500000000000;;;;;0
2025;51;MT;5;3;128;2;1;D08;A;3;2;0.018080000000000;797.612410000000000;0.216240000000000;;;;;0
2025;51;MT;6;4;125;2;1;D04;A;3;2;0.044790000000000;734.227890000000000;0.266570000000000;;;;;0
2025;51;MT;9;2;124;2;1;D04;D;3;2;0.025810000000000;788.134260000000000;0.127030000000000;;;;;0
2025;51;MT;7;3;122;2;1;D04;B;3;2;0.041610000000000;767.888610000000000;0.342080000000000;;;;;0
2025;51;MT;8;2;121;2;1;D04;C;3;2;0.046240000000000;798.502690000000000;0.157440000000000;;;;;0
2025;51;MT;9;4;120;2;1;D06;B;3;2;0.030480000000000;743.380010000000000;0.249260000000000;;;;;0
2025;51;MT;9;1;118;2;1;D05;B;3;2;0.038100000000000;739.783420000000000;0.238550000000000;;;;;0
2025;51;MT;8;4;117;2;1;D08;D;3;2;0.032410000000000;771.431330000000000;0.135690000000000;;;;;0
2025;51;MT;7;4;116;2;1;D07;D;3;2;0.030130000000000;798.382340000000000;0.153930000000000;;;;;0
2025;51;MT;9;3;115;2;1;D07;A;3;2;0.028080000000000;754.123150000000000;0.162720000000000;;;;;0
2025;51;MT;7;2;114;2;1;D08;C;3;2;0.038220000000000;772.994050000000000;0.161830000000000;;;;;0
2025;51;MT;8;1;113;2;1;D05;D;3;2;0.052260000000000;736.083040000000000;0.166060000000000;;;;;0
2025;51;MT;8;3;112;2;1;D06;B;3;2;0.053960000000000;762.179040000000000;0.280280000000000;;;;;0
2025;51;MT;10;1;119;2;1;D08;B;3;2;0.027470000000000;791.036920000000000;0.290950000000000;;;;;0
2025;51;MT;10;2;123;2;1;D07;B;3;2;0.019450000000000;784.951630000000000;0.217710000000000;;;;;0
2025;51;MT;10;4;111;2;1;D06;C;3;2;0.032040000000000;850.672230000000000;0.234370000000000;;;;;0
2025;51;MT;4;1;110;2;1;D07;B;3;2;0.039160000000000;749.864820000000000;0.277370000000000;;;;;0
2025;51;MT;4;4;129;2;1;D06;B;3;2;0.032600000000000;807.086460000000000;0.271020000000000;;;;;0
2025;51;MT;5;2;109;2;1;D06;C;3;2;0.043400000000000;762.084990000000000;0.192860000000000;;;;;0
2025;51;MT;5;1;108;2;1;D05;B;3;2;0.036860000000000;762.542810000000000;0.253700000000000;;;;;0
2025;51;MT;4;2;107;2;1;D04;C;3;2;0.047840000000000;766.693370000000000;0.208840000000000;;;;;0
2025;51;MT;6;2;106;2;1;D05;A;3;2;0.023710000000000;784.717130000000000;0.205860000000000;;;;;0
2025;51;MT;6;3;105;2;1;D06;D;3;2;0.050320000000000;768.415410000000000;0.156750000000000;;;;;0
2025;51;MT;10;3;50;2;1;D04;C;3;2;0.064190000000000;768.473590000000000;0.237840000000000;;;;;0
2025;51;MT;2;1;117351;2;1;D02;A;3;2;0.034980000000000;632.421980000000000;0.107470000000000;;;;;1
2025;51;MT;7;1;49;2;1;D05;C;3;2;0.034690000000000;762.635580000000000;0.167230000000000;;;;;0
2025;51;MT;13;2;46;2;1;D09;;2;3;0.037150000000000;;;680.552920000000000;694.268050000000000;715.273600000000000;753.479290000000000;0
2025;51;MT;11;2;45;2;1;D09;;2;3;0.043150000000000;;;673.398090000000000;691.508950000000000;712.344460000000000;742.121620000000000;0
2025;51;MT;12;1;44;2;1;D09;;2;3;0.034410000000000;;;656.745530000000000;669.746060000000000;687.150400000000000;727.986420000000000;0
2025;51;MT;2;6;117413;2;1;D07;D;3;2;0.016930000000000;739.326690000000000;0.137810000000000;;;;;1
2025;51;MT;13;1;43;2;1;D09;;2;3;0.036430000000000;;;652.275670000000000;668.545940000000000;686.722950000000000;718.113120000000000;0
2025;51;MT;11;1;42;2;1;D09;;2;3;0.032750000000000;;;647.181830000000000;658.946580000000000;672.090900000000000;716.838950000000000;0
2025;51;MT;11;9;41;2;1;D10;;1;3;0.050930000000000;;;747.820980000000000;785.985420000000000;;;0
2025;51;MT;12;9;41;2;1;D10;;1;3;0.050930000000000;;;747.820980000000000;785.985420000000000;;;0
2025;51;MT;1;5;117443;2;1;D08;D;3;2;0.031330000000000;717.888460000000000;0.149420000000000;;;;;1
2025;51;MT;13;9;41;2;1;D10;;1;3;0.050930000000000;;;747.820980000000000;785.985420000000000;;;0
2025;51;MT;11;8;40;2;1;D10;;1;3;0.078430000000000;;;741.185930000000000;770.833980000000000;804.084330000000000;;0
2025;51;MT;12;8;40;2;1;D10;;1;3;0.078430000000000;;;741.185930000000000;770.833980000000000;804.084330000000000;;0
2025;51;MT;13;8;40;2;1;D10;;1;3;0.078430000000000;;;741.185930000000000;770.833980000000000;804.084330000000000;;0
2025;51;MT;11;7;39;2;1;D10;;1;3;0.032540000000000;;;789.021220000000000;850.955770000000000;892.733630000000000;;0
2025;51;MT;12;7;39;2;1;D10;;1;3;0.032540000000000;;;789.021220000000000;850.955770000000000;892.733630000000000;;0
2025;51;MT;13;7;39;2;1;D10;;1;3;0.032540000000000;;;789.021220000000000;850.955770000000000;892.733630000000000;;0
2025;51;MT;11;6;38;2;1;D10;;1;3;0.060130000000000;;;747.132120000000000;816.717200000000000;;;0
2025;51;MT;12;6;38;2;1;D10;;1;3;0.060130000000000;;;747.132120000000000;816.717200000000000;;;0
2025;51;MT;13;6;38;2;1;D10;;1;3;0.060130000000000;;;747.132120000000000;816.717200000000000;;;0
2025;51;MT;11;5;37;2;1;D10;;1;3;0.042900000000000;;;722.385320000000000;769.039510000000000;;;0
2025;51;MT;12;5;37;2;1;D10;;1;3;0.042900000000000;;;722.385320000000000;769.039510000000000;;;0
2025;51;MT;13;5;37;2;1;D10;;1;3;0.042900000000000;;;722.385320000000000;769.039510000000000;;;0
2025;51;MT;11;4;36;2;1;D10;;1;3;0.068740000000000;;;732.378460000000000;768.889830000000000;813.787550000000000;;0
2025;51;MT;12;4;36;2;1;D10;;1;3;0.068740000000000;;;732.378460000000000;768.889830000000000;813.787550000000000;;0
2025;51;MT;13;4;36;2;1;D10;;1;3;0.068740000000000;;;732.378460000000000;768.889830000000000;813.787550000000000;;0
2025;51;MT;11;3;35;2;1;D10;;1;3;0.074100000000000;;;727.351580000000000;777.541450000000000;;;0
2025;51;MT;12;3;35;2;1;D10;;1;3;0.074100000000000;;;727.351580000000000;777.541450000000000;;;0
2025;51;MT;13;3;35;2;1;D10;;1;3;0.074100000000000;;;727.351580000000000;777.541450000000000;;;0
2025;51;MT;12;2;34;2;1;D09;;2;3;0.044200000000000;;;674.932410000000000;687.058610000000000;704.678890000000000;745.772880000000000;0
2025;52;GO;2;3;117537;2;1;D03;C;3;2;0.071710000000000;698.435290000000000;0.264330000000000;;;;;1
2025;52;GO;3;1;117535;2;1;D02;D;3;2;0.039590000000000;659.808770000000000;0.064480000000000;;;;;1
2025;52;GO;3;6;117512;2;1;D06;D;3;2;0.020010000000000;814.223440000000000;0.111010000000000;;;;;1
2025;52;GO;3;5;117496;2;1;D01;C;3;2;0.033710000000000;651.362080000000000;0.086780000000000;;;;;1
2025;52;GO;2;4;117492;2;1;D05;X;3;2;;;;;;;;1
2025;52;GO;1;1;117484;2;1;D02;B;3;2;0.029850000000000;618.713900000000000;0.106600000000000;;;;;1
2025;52;GO;3;3;117482;2;1;D05;D;3;2;0.029170000000000;722.277840000000000;0.227670000000000;;;;;1
2025;52;GO;1;4;117478;2;1;D02;C;3;2;0.043120000000000;657.772590000000000;0.112290000000000;;;;;1
2025;52;GO;1;2;117474;2;1;D01;C;3;2;0.027600000000000;676.112640000000000;0.083530000000000;;;;;1
2025;52;GO;1;5;117443;2;1;D08;D;3;2;0.031330000000000;717.888460000000000;0.149420000000000;;;;;1
2025;52;GO;1;8;117442;2;1;D03;B;3;2;0.040230000000000;679.382170000000000;0.325150000000000;;;;;1
2025;52;GO;2;8;117434;2;1;D03;B;3;2;0.055460000000000;708.748630000000000;0.378710000000000;;;;;1
2025;52;GO;2;6;117413;2;1;D07;D;3;2;0.019510000000000;720.128710000000000;0.154800000000000;;;;;1
2025;52;GO;2;2;117411;2;1;D01;B;3;2;0.025230000000000;623.313180000000000;0.106540000000000;;;;;1
2025;52;GO;3;4;117404;2;1;D02;A;3;2;0.050980000000000;664.132130000000000;0.316640000000000;;;;;1
2025;52;GO;2;1;117351;2;1;D02;A;3;2;0.034980000000000;632.421980000000000;0.107470000000000;;;;;1
2025;52;GO;2;5;117350;2;1;D02;A;3;2;0.035970000000000;631.354300000000000;0.106530000000000;;;;;1
2025;52;GO;6;4;128;2;1;D08;B;3;2;0.030520000000000;815.486770000000000;0.378370000000000;;;;;0
2025;52;GO;4;2;127;2;1;D08;C;3;2;0.028520000000000;770.115460000000000;0.170420000000000;;;;;0
2025;52;GO;6;2;126;2;1;D06;C;3;2;0.037640000000000;792.155940000000000;0.233080000000000;;;;;0
2025;52;GO;5;1;125;2;1;D05;B;3;2;0.036010000000000;814.596290000000000;0.269490000000000;;;;;0
2025;52;GO;6;1;124;2;1;D07;A;3;2;0.025460000000000;801.603760000000000;0.197410000000000;;;;;0
2025;52;GO;1;6;122;2;1;D01;B;3;2;0.018830000000000;804.949640000000000;0.233210000000000;;;;;0
2025;52;GO;3;7;121;2;1;D03;B;3;2;0.031800000000000;632.428990000000000;0.191500000000000;;;;;0
2025;52;GO;1;3;120;2;1;D03;A;3;2;0.034170000000000;628.597350000000000;0.210690000000000;;;;;0
2025;52;GO;4;3;118;2;1;D05;D;3;2;0.018910000000000;765.504490000000000;0.107540000000000;;;;;0
2025;52;GO;4;1;117;2;1;D06;A;3;2;0.035050000000000;725.702900000000000;0.228480000000000;;;;;0
2025;52;GO;5;4;114;2;1;D04;B;3;2;0.043650000000000;769.030150000000000;0.284280000000000;;;;;0
2025;52;GO;6;3;112;2;1;D04;A;3;2;0.041040000000000;725.623760000000000;0.255920000000000;;;;;0
2025;52;GO;9;2;111;2;1;D04;D;3;2;0.026700000000000;784.458850000000000;0.132840000000000;;;;;0
2025;52;GO;10;2;110;2;1;D07;B;3;2;0.020170000000000;780.231330000000000;0.218440000000000;;;;;0
2025;52;GO;7;3;109;2;1;D04;B;3;2;0.037210000000000;756.061660000000000;0.301340000000000;;;;;0
2025;52;GO;8;2;108;2;1;D04;C;3;2;0.045080000000000;792.913970000000000;0.180350000000000;;;;;0
2025;52;GO;9;4;107;2;1;D06;B;3;2;0.028820000000000;731.871160000000000;0.222400000000000;;;;;0
2025;52;GO;10;1;106;2;1;D08;B;3;2;0.026580000000000;777.689970000000000;0.270610000000000;;;;;0
2025;52;GO;5;3;113;2;1;D06;B;3;2;0.034450000000000;789.737550000000000;0.308200000000000;;;;;0
2025;52;GO;9;1;105;2;1;D05;B;3;2;0.034510000000000;730.868130000000000;0.222400000000000;;;;;0
2025;52;GO;8;4;104;2;1;D08;D;3;2;0.030860000000000;770.565800000000000;0.125350000000000;;;;;0
2025;52;GO;4;4;119;2;1;D04;A;3;2;0.036440000000000;834.859100000000000;0.246800000000000;;;;;0
2025;52;GO;7;4;103;2;1;D07;D;3;2;0.030040000000000;784.929610000000000;0.135730000000000;;;;;0
2025;52;GO;9;3;102;2;1;D07;A;3;2;0.028820000000000;744.172680000000000;0.148490000000000;;;;;0
2025;52;GO;5;2;123;2;1;D07;A;3;2;0.031440000000000;735.249020000000000;0.241850000000000;;;;;0
2025;52;GO;7;2;101;2;1;D08;C;3;2;0.038950000000000;766.891170000000000;0.165980000000000;;;;;0
2025;52;GO;8;1;100;2;1;D05;D;3;2;0.045020000000000;728.955870000000000;0.147640000000000;;;;;0
2025;52;GO;8;3;99;2;1;D06;B;3;2;0.051180000000000;752.689680000000000;0.302350000000000;;;;;0
2025;52;GO;10;4;98;2;1;D06;C;3;2;0.044610000000000;824.764930000000000;0.259070000000000;;;;;0
2025;52;GO;10;3;48;2;1;D04;C;3;2;0.054400000000000;758.208140000000000;0.240130000000000;;;;;0
2025;52;GO;7;1;47;2;1;D05;C;3;2;0.031420000000000;757.270430000000000;0.163580000000000;;;;;0
2025;52;GO;13;2;46;2;1;D09;;2;3;0.037880000000000;;;685.007630000000000;696.517170000000000;718.225700000000000;753.736790000000000;0
2025;52;GO;11;2;45;2;1;D09;;2;3;0.043880000000000;;;684.896290000000000;699.631000000000000;717.685660000000000;745.001330000000000;0
2025;52;GO;12;1;44;2;1;D09;;2;3;0.036970000000000;;;664.229000000000000;675.692980000000000;692.157250000000000;728.385070000000000;0
2025;52;GO;13;1;43;2;1;D09;;2;3;0.038820000000000;;;668.602650000000000;680.216860000000000;698.999560000000000;729.793600000000000;0
2025;52;GO;11;1;42;2;1;D09;;2;3;0.035820000000000;;;662.748210000000000;674.002920000000000;688.657190000000000;725.416110000000000;0
2025;52;GO;11;9;41;2;1;D10;;1;3;0.060340000000000;;;751.431660000000000;785.506670000000000;;;0
2025;52;GO;2;7;117353;2;1;D01;C;3;2;0.035120000000000;684.711150000000000;0.214000000000000;;;;;1
2025;52;GO;3;8;117416;2;1;D01;A;3;2;0.023300000000000;649.756400000000000;0.115840000000000;;;;;1
2025;52;GO;12;9;41;2;1;D10;;1;3;0.060340000000000;;;751.431660000000000;785.506670000000000;;;0
2025;52;GO;13;9;41;2;1;D10;;1;3;0.060340000000000;;;751.431660000000000;785.506670000000000;;;0
2025;52;GO;1;7;117472;2;1;D02;D;3;2;0.046610000000000;654.806690000000000;0.076510000000000;;;;;1
2025;52;GO;11;8;40;2;1;D10;;1;3;0.100200000000000;;;748.921200000000000;774.137080000000000;801.654450000000000;;0
2025;52;GO;12;8;40;2;1;D10;;1;3;0.100200000000000;;;748.921200000000000;774.137080000000000;801.654450000000000;;0
2025;52;GO;13;8;40;2;1;D10;;1;3;0.100200000000000;;;748.921200000000000;774.137080000000000;801.654450000000000;;0
2025;52;GO;11;7;39;2;1;D10;;1;3;0.043620000000000;;;777.871090000000000;826.618460000000000;852.773620000000000;;0
2025;52;GO;12;7;39;2;1;D10;;1;3;0.043620000000000;;;777.871090000000000;826.618460000000000;852.773620000000000;;0
2025;52;GO;13;7;39;2;1;D10;;1;3;0.043620000000000;;;777.871090000000000;826.618460000000000;852.773620000000000;;0
2025;52;GO;3;2;117534;2;1;D01;B;3;2;0.019800000000000;613.221470000000000;0.187240000000000;;;;;1
2025;52;GO;11;6;38;2;1;D10;;1;3;0.074300000000000;;;754.193280000000000;810.839740000000000;;;0
2025;52;GO;12;6;38;2;1;D10;;1;3;0.074300000000000;;;754.193280000000000;810.839740000000000;;;0
2025;52;GO;13;6;38;2;1;D10;;1;3;0.074300000000000;;;754.193280000000000;810.839740000000000;;;0
2025;52;GO;11;5;37;2;1;D10;;1;3;0.051860000000000;;;731.747250000000000;772.308770000000000;;;0
2025;52;GO;12;5;37;2;1;D10;;1;3;0.051860000000000;;;731.747250000000000;772.308770000000000;;;0
2025;52;GO;13;5;37;2;1;D10;;1;3;0.051860000000000;;;731.747250000000000;772.308770000000000;;;0
2025;52;GO;11;4;36;2;1;D10;;1;3;0.082210000000000;;;740.687850000000000;772.423090000000000;809.072780000000000;;0
2025;52;GO;12;4;36;2;1;D10;;1;3;0.082210000000000;;;740.687850000000000;772.423090000000000;809.072780000000000;;0
2025;52;GO;13;4;36;2;1;D10;;1;3;0.082210000000000;;;740.687850000000000;772.423090000000000;809.072780000000000;;0
2025;52;GO;11;3;35;2;1;D10;;1;3;0.088470000000000;;;734.460720000000000;778.784350000000000;;;0
2025;52;GO;12;3;35;2;1;D10;;1;3;0.088470000000000;;;734.460720000000000;778.784350000000000;;;0
2025;52;GO;13;3;35;2;1;D10;;1;3;0.088470000000000;;;734.460720000000000;778.784350000000000;;;0
2025;52;GO;12;2;34;2;1;D09;;2;3;0.044530000000000;;;685.035750000000000;695.482440000000000;711.528540000000000;749.214890000000000;0
2025;53;DF;2;3;117537;2;1;D03;C;3;2;0.071710000000000;698.435290000000000;0.264330000000000;;;;;1
2025;53;DF;3;2;117534;2;1;D01;B;3;2;0.017500000000000;631.924670000000000;0.190010000000000;;;;;1
2025;53;DF;3;6;117512;2;1;D06;D;3;2;0.020010000000000;814.223440000000000;0.111010000000000;;;;;1
2025;53;DF;3;5;117496;2;1;D01;C;3;2;0.033710000000000;651.362080000000000;0.086780000000000;;;;;1
2025;53;DF;2;4;117492;2;1;D05;C;3;2;0.026450000000000;745.839840000000000;0.229700000000000;;;;;1
2025;53;DF;1;1;117484;2;1;D02;B;3;2;0.029850000000000;618.713900000000000;0.106600000000000;;;;;1
2025;53;DF;3;3;117482;2;1;D05;D;3;2;0.034380000000000;751.669690000000000;0.175800000000000;;;;;1
2025;53;DF;1;4;117478;2;1;D02;C;3;2;0.043120000000000;657.772590000000000;0.112290000000000;;;;;1
2025;53;DF;1;7;117472;2;1;D02;D;3;2;0.046610000000000;654.806690000000000;0.076510000000000;;;;;1
2025;53;DF;1;5;117443;2;1;D08;D;3;2;0.031330000000000;717.888460000000000;0.149420000000000;;;;;1
2025;53;DF;1;8;117442;2;1;D03;B;3;2;0.040230000000000;679.382170000000000;0.325150000000000;;;;;1
2025;53;DF;3;8;117416;2;1;D01;A;3;2;0.023300000000000;649.756400000000000;0.115840000000000;;;;;1
2025;53;DF;2;6;117413;2;1;D07;D;3;2;0.018010000000000;741.591580000000000;0.154480000000000;;;;;1
2025;53;DF;2;2;117411;2;1;D01;B;3;2;0.025230000000000;623.313180000000000;0.106540000000000;;;;;1
2025;53;DF;2;7;117353;2;1;D01;C;3;2;0.029740000000000;695.264940000000000;0.175660000000000;;;;;1
2025;53;DF;2;1;117351;2;1;D02;A;3;2;0.034980000000000;632.421980000000000;0.107470000000000;;;;;1
2025;53;DF;2;5;117350;2;1;D02;A;3;2;0.035970000000000;631.354300000000000;0.106530000000000;;;;;1
2025;53;DF;4;1;128;2;1;D05;C;3;2;0.088860000000000;735.138820000000000;0.178190000000000;;;;;0
2025;53;DF;6;3;127;2;1;D08;B;3;2;0.013280000000000;777.237520000000000;0.192890000000000;;;;;0
2025;53;DF;4;2;126;2;1;D07;D;3;2;0.028760000000000;785.156500000000000;0.152820000000000;;;;;0
2025;53;DF;5;2;125;2;1;D08;C;3;2;0.035080000000000;760.981450000000000;0.185070000000000;;;;;0
2025;53;DF;5;4;123;2;1;D06;C;3;2;0.031620000000000;792.817940000000000;0.174990000000000;;;;;0
2025;53;DF;6;4;122;2;1;D06;A;3;2;0.044220000000000;729.205900000000000;0.242850000000000;;;;;0
2025;53;DF;4;3;121;2;1;D06;C;3;2;0.040640000000000;768.361350000000000;0.206950000000000;;;;;0
2025;53;DF;3;7;119;2;1;D03;B;3;2;0.031810000000000;630.201540000000000;0.194370000000000;;;;;0
2025;53;DF;1;3;118;2;1;D03;A;3;2;0.036990000000000;629.663640000000000;0.199830000000000;;;;;0
2025;53;DF;6;2;117;2;1;D07;D;3;2;0.046700000000000;761.991200000000000;0.147690000000000;;;;;0
2025;53;DF;5;1;115;2;1;D05;C;3;2;0.068790000000000;733.191930000000000;0.161710000000000;;;;;0
2025;53;DF;6;1;112;2;1;D05;B;3;2;0.042740000000000;753.676540000000000;0.290500000000000;;;;;0
2025;53;DF;9;2;111;2;1;D04;D;3;2;0.028400000000000;783.875440000000000;0.130070000000000;;;;;0
2025;53;DF;10;2;110;2;1;D07;B;3;2;0.019280000000000;773.369230000000000;0.184940000000000;;;;;0
2025;53;DF;7;3;109;2;1;D04;B;3;2;0.036730000000000;758.436980000000000;0.324050000000000;;;;;0
2025;53;DF;8;2;108;2;1;D04;C;3;2;0.047690000000000;794.047120000000000;0.160080000000000;;;;;0
2025;53;DF;9;4;107;2;1;D06;B;3;2;0.031230000000000;730.565520000000000;0.222630000000000;;;;;0
2025;53;DF;5;3;116;2;1;D04;A;3;2;0.046990000000000;837.430730000000000;0.230420000000000;;;;;0
2025;53;DF;10;1;106;2;1;D08;B;3;2;0.032710000000000;783.814510000000000;0.331000000000000;;;;;0
2025;53;DF;9;1;105;2;1;D05;B;3;2;0.038290000000000;731.781490000000000;0.217380000000000;;;;;0
2025;53;DF;8;4;104;2;1;D08;D;3;2;0.032270000000000;767.428240000000000;0.115810000000000;;;;;0
2025;53;DF;7;4;103;2;1;D07;D;3;2;0.033400000000000;778.465440000000000;0.142700000000000;;;;;0
2025;53;DF;1;6;120;2;1;D01;B;3;2;0.024670000000000;840.526440000000000;0.277410000000000;;;;;0
2025;53;DF;9;3;102;2;1;D07;A;3;2;0.029110000000000;737.937130000000000;0.146970000000000;;;;;0
2025;53;DF;7;2;101;2;1;D08;C;3;2;0.046730000000000;761.105400000000000;0.137850000000000;;;;;0
2025;53;DF;8;1;100;2;1;D05;D;3;2;0.059470000000000;730.105840000000000;0.147100000000000;;;;;0
2025;53;DF;8;3;99;2;1;D06;B;3;2;0.047880000000000;742.639420000000000;0.224130000000000;;;;;0
2025;53;DF;4;4;124;2;1;D08;B;3;2;0.027380000000000;736.890840000000000;0.195270000000000;;;;;0
2025;53;DF;10;4;98;2;1;D06;C;3;2;0.040530000000000;823.019990000000000;0.230650000000000;;;;;0
2025;53;DF;10;3;48;2;1;D04;C;3;2;0.061050000000000;751.712160000000000;0.185370000000000;;;;;0
2025;53;DF;7;1;47;2;1;D05;C;3;2;0.028260000000000;764.469130000000000;0.157080000000000;;;;;0
2025;53;DF;13;2;46;2;1;D09;;2;3;0.040100000000000;;;680.382850000000000;695.216060000000000;710.659260000000000;743.888760000000000;0
2025;53;DF;11;2;45;2;1;D09;;2;3;0.049400000000000;;;673.749260000000000;688.339340000000000;704.943640000000000;727.759150000000000;0
2025;53;DF;12;1;44;2;1;D09;;2;3;0.038240000000000;;;652.213740000000000;661.982140000000000;679.630550000000000;711.303880000000000;0
2025;53;DF;13;1;43;2;1;D09;;2;3;0.040620000000000;;;658.082230000000000;670.330180000000000;688.537790000000000;716.442670000000000;0
2025;53;DF;11;1;42;2;1;D09;;2;3;0.036140000000000;;;650.794200000000000;661.579650000000000;676.753480000000000;715.434180000000000;0
2025;53;DF;3;4;117404;2;1;D02;A;3;2;0.050980000000000;664.132130000000000;0.316640000000000;;;;;1
2025;53;DF;2;8;117434;2;1;D03;B;3;2;0.055460000000000;708.748630000000000;0.378710000000000;;;;;1
2025;53;DF;11;9;41;2;1;D10;;1;3;0.068430000000000;;;730.067890000000000;765.630350000000000;;;0
2025;53;DF;12;9;41;2;1;D10;;1;3;0.068430000000000;;;730.067890000000000;765.630350000000000;;;0
2025;53;DF;13;9;41;2;1;D10;;1;3;0.068430000000000;;;730.067890000000000;765.630350000000000;;;0
2025;53;DF;11;8;40;2;1;D10;;1;3;0.076200000000000;;;731.583120000000000;763.723570000000000;786.985200000000000;;0
2025;53;DF;1;2;117474;2;1;D01;C;3;2;0.027600000000000;676.112640000000000;0.083530000000000;;;;;1
2025;53;DF;12;8;40;2;1;D10;;1;3;0.076200000000000;;;731.583120000000000;763.723570000000000;786.985200000000000;;0
2025;53;DF;13;8;40;2;1;D10;;1;3;0.076200000000000;;;731.583120000000000;763.723570000000000;786.985200000000000;;0
2025;53;DF;11;7;39;2;1;D10;;1;3;0.040460000000000;;;771.961870000000000;827.869660000000000;859.485130000000000;;0
2025;53;DF;12;7;39;2;1;D10;;1;3;0.040460000000000;;;771.961870000000000;827.869660000000000;859.485130000000000;;0
2025;53;DF;13;7;39;2;1;D10;;1;3;0.040460000000000;;;771.961870000000000;827.869660000000000;859.485130000000000;;0
2025;53;DF;11;6;38;2;1;D10;;1;3;0.059480000000000;;;729.888290000000000;789.839600000000000;;;0
2025;53;DF;12;6;38;2;1;D10;;1;3;0.059480000000000;;;729.888290000000000;789.839600000000000;;;0
2025;53;DF;13;6;38;2;1;D10;;1;3;0.059480000000000;;;729.888290000000000;789.839600000000000;;;0
2025;53;DF;3;1;117535;2;1;D02;D;3;2;0.039590000000000;659.808770000000000;0.064480000000000;;;;;1
2025;53;DF;11;5;37;2;1;D10;;1;3;0.065220000000000;;;713.693260000000000;743.973820000000000;;;0
2025;53;DF;12;5;37;2;1;D10;;1;3;0.065220000000000;;;713.693260000000000;743.973820000000000;;;0
2025;53;DF;13;5;37;2;1;D10;;1;3;0.065220000000000;;;713.693260000000000;743.973820000000000;;;0
2025;53;DF;11;4;36;2;1;D10;;1;3;0.082550000000000;;;716.654990000000000;755.471660000000000;794.384240000000000;;0
2025;53;DF;12;4;36;2;1;D10;;1;3;0.082550000000000;;;716.654990000000000;755.471660000000000;794.384240000000000;;0
2025;53;DF;13;4;36;2;1;D10;;1;3;0.082550000000000;;;716.654990000000000;755.471660000000000;794.384240000000000;;0
2025;53;DF;11;3;35;2;1;D10;;1;3;0.078430000000000;;;722.299670000000000;773.491370000000000;;;0
2025;53;DF;12;3;35;2;1;D10;;1;3;0.078430000000000;;;722.299670000000000;773.491370000000000;;;0
2025;53;DF;13;3;35;2;1;D10;;1;3;0.078430000000000;;;722.299670000000000;773.491370000000000;;;0
2025;53;DF;12;2;34;2;1;D09;;2;3;0.050730000000000;;;676.237140000000000;689.997860000000000;707.675620000000000;732.884620000000000;0
